rt_name,foldability_score,foldability_confidence,foldability_failure_reason,foldability_plddt_mean,foldability_plddt_core,foldability_high_conf_frac,foldability_low_conf_frac,foldability_longest_conf_segment,foldability_contact_density,foldability_thermo_37,foldability_solubility,foldability_instability,fusion_compat_score,fusion_compat_confidence,fusion_compat_failure_reason,fusion_compat_clash_score,fusion_compat_alignment_quality,fusion_compat_active_site_access,fusion_compat_linker_feasibility,fusion_compat_size_penalty,fusion_compat_terminal_accessibility,fusion_compat_core_compactness,fusion_compat_fusion_readiness,substrate_binding_score,substrate_binding_confidence,substrate_binding_failure_reason,substrate_binding_path_detected,substrate_binding_path_positive_continuity,substrate_binding_path_openness,substrate_binding_path_extension,substrate_binding_catalytic_accessibility,substrate_binding_steric_crowding_penalty,substrate_binding_hydrophobic_interrupt,substrate_binding_track_to_thumb,catalytic_score,catalytic_confidence,catalytic_failure_reason,catalytic_acidic_cluster_detected,catalytic_acidic_cluster_compactness,catalytic_acidic_cluster_exposure,catalytic_catalytic_neighborhood,catalytic_motif_context,catalytic_esm_if_quality,processivity_score,processivity_confidence,processivity_failure_reason,processivity_track_detected,processivity_path_positive_density,processivity_path_extension,processivity_path_catalytic_proximity,processivity_structural_sim,processivity_thumb_support,processivity_path_openness,processivity_steric_crowding_penalty,processivity_hydrophobic_interrupt
A.platensis-Cas1-RT,0.0008619333930501357,1.0,Low global pLDDT,0.009122302158273381,0.009268067226890754,0.0,0.0,0.0,0.656442816251378,0.85365,0.5689332093695465,0.4587977796306609,0.31271910930740876,0.5649400462984603,Likely steric incompatibility with Cas9 context,0.08330494315920789,0.12694930639557458,0.6726040107590365,0.47471967370494433,1.0,0.5887694061272175,0.5,0.46020686803923,0.6923879965146283,0.8555298632146775,,1.0,0.8115326747861805,0.6582237290802306,0.4510806916968546,0.7439438274128273,0.7448684956686834,0.9037844582893072,0.29268483535281403,0.8222897168481887,1.0,,1.0,1.0,0.5962207137466882,0.9497420920771945,0.5423308290146092,0.8127534223932048,0.5647399097277114,0.5907080165628286,No confident processive contact path,0.35,0.8115326747861805,0.4510806916968546,0.9611120184364611,0.5,0.3098793847469698,0.6582237290802306,0.7448684956686834,0.9037844582893072
CRISPRRT2-RT,0.0007500335561527124,1.0,Low global pLDDT,0.009166457680250782,0.009319354838709677,0.0,0.0,0.0,0.6388861334915511,0.1671,0.6303596444943332,0.7388741998015746,0.3716237227353362,0.5453256330010817,Likely steric incompatibility with Cas9 context,0.2672982645025687,0.1422766438044773,0.6393467369797712,0.14636446338630377,1.0,0.8665791930827268,0.5,0.3996791512200783,0.63609881868421,0.8169020839859058,,1.0,0.8765329524347759,0.8556308711366506,0.19887324238854392,0.5600888444449346,0.8621583430350643,0.9037844582893072,0.3599581625410504,0.8058429524518969,1.0,,1.0,1.0,0.6899744811276124,0.7791621283229098,0.41151908741475385,0.97094003720001,0.507705594596222,0.5533141090938185,No confident processive contact path,0.35,0.8765329524347759,0.19887324238854392,0.7918990010536537,0.5,0.3894995688136953,0.8556308711366506,0.8621583430350643,0.9037844582893072
FuRT-Cas1-RT,0.000841968503239364,1.0,Low global pLDDT,0.009632499999999999,0.009725000000000001,0.0,0.0,0.0,0.641834045088731,0.54425,0.7337979282524816,0.38502066281625086,0.2705534369870243,0.45082422059859445,Likely steric incompatibility with Cas9 context,0.09202124440450293,0.10405958097860762,0.3952125848618693,0.39520198485502855,1.0,0.6469145322453063,0.5,0.30402471655390095,0.627346851974511,0.9302475465287413,,1.0,0.9957644603591566,0.6435686817487921,0.14817632352290294,0.7896126058831244,0.8175744761936437,0.9037844582893072,0.27911405444066395,0.710695191224336,1.0,,1.0,1.0,0.6461206356285277,0.8761865152754558,0.15,0.6837890731149445,0.4863980339279489,0.5327705016867963,No confident processive contact path,0.35,0.9957644603591566,0.14817632352290294,0.9780180084044635,0.5,0.34537983810846473,0.6435686817487921,0.8175744761936437,0.9037844582893072
Med-CasRT,0.0005901585640056853,1.0,Low global pLDDT,0.008797749196141479,0.009031734317343172,0.0,0.0,0.0,0.6258536328088226,0.017705,0.7790231813106007,0.5110753584939394,0.2365258994974795,0.5451411580528135,Likely steric incompatibility with Cas9 context,0.02058074787206201,0.13441086485126652,0.535498628882771,0.810051352472765,1.0,0.9558411657064522,0.5,0.5106551384772164,0.6545102531704293,0.6697140493819125,,1.0,0.4650570548417856,0.7823873297072141,0.7011851259831142,0.5186784817179451,0.8175744761936437,0.9037844582893072,0.5811364161658438,0.765091988221014,1.0,,1.0,1.0,0.8912165801050141,0.5122459331201855,0.5307902351378996,0.6212838497778467,0.6472365940927054,0.8264202802904095,,1.0,0.4650570548417856,0.7011851259831142,0.6475476630699932,0.5,0.49767770612646844,0.7823873297072141,0.8175744761936437,0.9037844582893072
ROSE-CRISPR-RT,0.0007368773305026655,1.0,Low global pLDDT,0.008078699551569505,0.007980295566502463,0.0,0.0,0.0,0.6059914514454416,0.2519,0.7674303542657058,0.40643517855872824,0.34832398660883773,0.4471251338477039,Likely steric incompatibility with Cas9 context,0.1441316099580324,0.15978888380150064,0.3562593337401319,1.0,1.0,0.7766567646377963,0.5,0.27245231784918306,0.6772443574756618,0.8988172646215192,,1.0,0.9579794147448828,0.8134396717645233,0.21170606506316234,0.7306890917828686,0.8621583430350643,0.9037844582893072,0.32315047534735425,0.7299876530565053,1.0,,1.0,1.0,0.6739976220871791,0.9241418199787566,0.15,0.7383629742281128,0.5312831926240065,0.5611739927194878,No confident processive contact path,0.35,0.9579794147448828,0.21170606506316234,0.8938415596898124,0.5,0.41294313210370437,0.8134396717645233,0.8621583430350643,0.9037844582893072
Er-RT,0.0007510405796453744,1.0,Low global pLDDT,0.008649530516431926,0.008642487046632124,0.0,0.0,0.0,0.6727517375193818,0.17975,0.7084334825823263,0.7646180054483351,0.320417189659501,0.4323590558082884,Likely steric incompatibility with Cas9 context,0.309080343154965,0.1918940743675646,0.4177437342831889,0.16278524651411072,1.0,0.42081666989124156,0.5,0.11979841458240002,0.6382482123598415,0.896169237475857,,1.0,0.8765329524347759,0.6589343067776218,0.19584276716531898,0.8039877782601688,0.7310585786300049,0.9037844582893072,0.3286166810855577,0.841398699406965,1.0,,1.0,1.0,0.7609964331307685,0.8761865152754558,0.4,1.0,0.4988867668758027,0.5408561295171287,No confident processive contact path,0.35,0.8765329524347759,0.19584276716531898,0.9985539689430983,0.5,0.3350316767598904,0.6589343067776218,0.7310585786300049,0.9037844582893072
GroupII_CLA-RT,0.0007546217332338324,1.0,Low global pLDDT,0.009156535947712418,0.009365413533834587,0.0,0.0,0.0,0.6687671585769396,0.1978,0.7250662758276039,0.4041492725057777,0.18390227194012723,0.49229756814587755,Likely steric incompatibility with Cas9 context,0.012740543134289855,0.1305030669407005,0.5127660933899856,0.4604350447194364,1.0,0.7359761150409981,0.5,0.32592111225282394,0.666994092440882,0.8114028477236159,,1.0,0.9346246665744273,0.8264298009883346,0.36866265495000694,0.485076403344391,0.8455347349164654,0.6547534606063192,0.33236135595726124,0.693472176476243,0.7725,Catalytic cluster geometry not convincing,0.3,1.0,0.7685247834990175,0.8139849721275887,0.4000000072630264,1.0,0.5582641616822732,0.5990675448624643,No confident processive contact path,0.35,0.9346246665744273,0.36866265495000694,0.6929662853041112,0.5,0.430879859799828,0.8264298009883346,0.8455347349164654,0.6547534606063192
Gs-RT,0.000873832552970247,1.0,Low global pLDDT,0.008649530516431926,0.008642487046632124,0.0,0.0,0.0,0.6727517375193818,0.9183,0.7891732213261415,0.485809301322863,0.320417189659501,0.4323590558082884,Likely steric incompatibility with Cas9 context,0.309080343154965,0.1918940743675646,0.4177437342831889,0.16278524651411072,1.0,0.42081666989124156,0.5,0.11979841458240002,0.6382482123598415,0.896169237475857,,1.0,0.8765329524347759,0.6589343067776218,0.19584276716531898,0.8039877782601688,0.7310585786300049,0.9037844582893072,0.3286166810855577,0.841398699406965,1.0,,1.0,1.0,0.7609964331307685,0.8761865152754558,0.4,1.0,0.4988867668758027,0.5408561295171287,No confident processive contact path,0.35,0.8765329524347759,0.19584276716531898,0.9985539689430983,0.5,0.3350316767598904,0.6589343067776218,0.7310585786300049,0.9037844582893072
LtrA-RT,0.0008185749878654777,1.0,Low global pLDDT,0.008594481605351171,0.008629390681003586,0.0,0.0,0.0,0.6631263308189143,0.61145,0.7092472609923879,0.3299462670223846,0.4076497137220777,0.5110364355188154,Likely steric incompatibility with Cas9 context,0.22767645423409402,0.1376540782359618,0.7623273051247415,1.0,1.0,0.4172697811691721,0.5,0.1441643587145581,0.6223491086391008,0.8636361664267045,,1.0,0.9579794147448828,0.8472532728536663,0.13215362884087864,0.6224395588757463,0.8972159750827483,0.9037844582893072,0.327039677655237,0.8589102472964324,1.0,,1.0,1.0,0.864537513696563,0.7037715740459195,0.590264566547224,1.0,0.48098437322250254,0.5470168013296794,No confident processive contact path,0.35,0.9579794147448828,0.13215362884087864,0.753296108003049,0.5,0.427154684988411,0.8472532728536663,0.8972159750827483,0.9037844582893072
Tel4c-RT,0.0008756359617160742,1.0,Low global pLDDT,0.008672370766488413,0.00890806142034549,0.0,0.0,0.0,0.6454115790977798,0.95095,0.8302639388812637,0.4348199977682662,0.5200828014220983,0.5499106883205613,Poor linker geometry to Cas9 anchor,0.6805972750510992,0.1506267018321262,0.8013452535571821,0.28261886169346584,1.0,0.93549820313339,0.5,0.24767079789293714,0.5290178396248725,0.8509582946146309,,1.0,0.9865247445361236,0.7846704171318205,0.06572878061629853,0.5548853927396641,0.7625419716560975,0.9037844582893072,0.19760484840333878,0.8729524115801764,0.9972408229794453,,1.0,0.9915102245521396,0.7423413493752159,0.9450874971502057,0.5333488445464155,1.0,0.4102853801337886,0.5231869787606245,No confident processive contact path,0.35,0.9865247445361236,0.06572878061629853,0.6974442435235091,0.5,0.38359573674043024,0.7846704171318205,0.7625419716560975,0.9037844582893072
Bel-RT,0.0008424648610331855,1.0,Low global pLDDT,0.009495689655172414,0.009493396226415094,0.0,0.0,0.0,0.7048891806280593,0.6883999999999999,0.39370351251110797,0.5011901917175452,0.3818154024467232,0.49810890353804915,Likely steric incompatibility with Cas9 context,0.3258644724494817,0.1883419104034792,0.6486965718605371,0.2231156611825466,1.0,0.5396590265185457,0.5,0.15539713188818038,0.6586380622277413,0.7282762120589468,No confident catalytic-adjacent substrate path,1.0,0.8765329524347759,0.7645565157269258,0.6417551243006453,0.2873938539004449,0.837923334493486,0.9037844582893072,0.4502987053450653,0.8548373776578946,0.9953135062310728,,1.0,0.9855800191725316,0.847739664244691,0.6235111868294204,0.8414540942741127,0.9190970521843689,0.10735453887615434,0.8065089139091414,No confident processive contact path,1.0,0.8765329524347759,0.6417551243006453,2.0013817412471447e-07,0.5,0.4652090937415456,0.7645565157269258,0.837923334493486,0.9037844582893072
CHLRE,0.0007635786363725894,1.0,Low global pLDDT,0.00796866485013624,0.008300305810397554,0.0,0.0,0.0,0.6670389421028468,0.8951,0.15604167452680556,0.33721675986427774,0.2458207967663589,0.48625513169703105,Likely steric incompatibility with Cas9 context,0.05032204853579263,0.15465480962862846,0.576516837449246,0.2978735398005949,1.0,0.6344534592011873,0.5,0.21384887971024974,0.7996823759818629,0.8951621082825122,,1.0,0.8765329524347759,0.7376479977817895,0.6328600588895279,0.800888919203723,0.771056378226556,0.9037844582893072,0.7263207231812973,0.5689757484966268,0.7725,Catalytic cluster geometry not convincing,0.3,1.0,0.8807970779778823,0.7102611464481597,0.15,0.36861802726659904,0.7663433076258227,0.846444989108561,,1.0,0.8765329524347759,0.6328600588895279,0.99412702743389,0.5,0.6584245062269081,0.7376479977817895,0.771056378226556,0.9037844582893072
FoxC-RT,0.0007166746564085905,1.0,Low global pLDDT,0.005863117870722433,0.006059465020576132,0.0,0.0,0.0,0.5856490997989546,0.6777,0.5909978580383981,0.266135761437669,0.28292221215743074,0.5437917351664333,Likely steric incompatibility with Cas9 context,0.10072764281837161,0.14793530594537385,0.6542335101515393,0.12136832893135759,1.0,0.7655310864776944,0.5,0.3729981245688202,0.7320592280717775,0.8297473665226087,,1.0,0.8765329524347759,0.7571760371800524,0.5121137695274155,0.5996127907117124,0.85640103125154,0.9037844582893072,0.4947713223699405,0.7388155079523917,0.9969901107881324,,1.0,0.9907388024250229,0.8433729798182608,0.7582164511514605,0.40000000011182435,0.30323290985820006,0.7195321962109752,0.8073384754731215,,1.0,0.8765329524347759,0.5121137695274155,0.8565897009368575,0.5,0.5986791941946839,0.7571760371800524,0.85640103125154,0.9037844582893072
Gate-RT,0.0008230785947674033,1.0,Low global pLDDT,0.009139961759082217,0.00919254658385093,0.0,0.0,0.0,0.6836408295660173,0.7271000000000001,0.4619608946897345,0.2713390501194261,0.5548253952274222,0.5004603783723731,Active site poorly positioned in PE context,0.8484711052331093,0.17850122576931246,0.6709257332298529,0.6387084667099722,1.0,0.5982890559685662,0.5,0.15241455449032734,0.7162743273235463,0.7454174085056744,No confident catalytic-adjacent substrate path,1.0,0.9306271824898172,0.7368315752763924,0.9807678808394187,0.2860417667584114,0.757011372822882,0.8194650368697065,0.8390162879543765,0.8668232396186125,1.0,,1.0,1.0,0.6528330882088768,0.8655297808969444,0.9715551376669406,0.7720930849733071,0.2817168078138533,0.946877034383075,No confident processive contact path,1.0,0.9306271824898172,0.9807678808394187,0.0003774256070588072,0.5,0.7740492009286198,0.7368315752763924,0.757011372822882,0.8194650368697065
Gypsy-RT,0.0008070619247198646,1.0,Low global pLDDT,0.008931130063965885,0.009145687645687645,0.0,0.0,0.0,0.682999465789909,0.4074,0.56769722224808,0.5856860595421237,0.40685383829057464,0.5429764997792572,Likely steric incompatibility with Cas9 context,0.2507380187984987,0.18668300302803037,0.8205222425180108,0.3810869530750938,1.0,0.647817972339637,0.5,0.16470075357098773,0.7954981630659403,0.8410586018322044,,1.0,0.6885466133829796,0.831812175706824,0.7782933732049397,0.8224029307161109,0.8621583430350643,0.9037844582893072,0.5486379307318165,0.9137769325175151,1.0,,1.0,1.0,0.7853857795527475,0.8761865152754558,0.9956264465279696,0.860887265479677,0.7303487694365667,0.8537090650978212,,1.0,0.6885466133829796,0.7782933732049397,0.7494138677887517,0.5,0.5465176964773115,0.831812175706824,0.8621583430350643,0.9037844582893072
Line1-RT,0.49568019736470587,0.28,Low global pLDDT,0.5,0.5,0.5,0.5,0.5,0.5,0.34304999999999997,0.7309478717130965,0.5840041998012689,,,,0.35,0.2,,0.4,0.8869204367171575,0.5,0.5,0.5,0.3944348491373066,0.5579999999999999,No confident catalytic-adjacent substrate path,0.35,0.35,0.5,0.5,0.29,0.5,0.5,0.35,0.428184192349326,0.35,No confident catalytic acidic cluster,0.25,0.5,0.5,0.5,0.15,1.0,0.41240407311035326,0.61,No confident processive contact path,0.35,0.35,0.5,0.35,0.5,0.35,0.5,0.5,0.5
Ngaro-RT,0.0007928482863105032,1.0,Low global pLDDT,0.008950108932461875,0.009105727923627686,0.0,0.0,0.0,0.6694906727720883,0.7819499999999999,0.23096949350705634,0.2991852106089921,0.4197780002750887,0.4582632042193923,Poor linker geometry to Cas9 anchor,0.6285410105311218,0.19661672291949517,0.4383978039131494,0.1808915685835024,1.0,0.6335215064906385,0.5,0.19803829004492474,0.6780457861752045,0.8590202759941509,,1.0,0.9346246665744273,0.7527048970415763,0.28180159819650014,0.6315915672537291,0.9088770389851438,0.9037844582893072,0.3296794642579925,0.6185980179919909,0.7725,Catalytic cluster geometry not convincing,0.3,1.0,0.9426758241011313,0.7791621283229098,0.15,0.6170661050201909,0.5387507214552487,0.5720938130974625,No confident processive contact path,0.35,0.9346246665744273,0.28180159819650014,0.7522736675053274,0.5,0.3932467699456347,0.7527048970415763,0.9088770389851438,0.9037844582893072
Tf1-RT,0.000797480319032871,1.0,Low global pLDDT,0.009100594059405939,0.009367311827956987,0.0,0.0,0.0,0.6072204911814721,0.40575,0.6809386912920941,0.3834124292593901,0.43721216360941806,0.45871371655419135,Active site poorly positioned in PE context,0.4010489917154808,0.18858789889851535,0.39430736178336884,0.529635627464994,1.0,0.9524422337011673,0.5,0.2519596055348815,0.719025164587898,0.8712102609441076,,1.0,0.8115326747861805,0.6644645986755738,0.4484832838957336,0.7921912050418427,0.8807970779778824,0.7497243803875722,0.4514865717477883,0.8700966852686951,1.0,,1.0,1.0,0.9401124682701482,0.9017867873738937,0.4,0.8650631043273795,0.586909435546495,0.6142301748924901,No confident processive contact path,0.35,0.8115326747861805,0.4484832838957336,0.9817017214883468,0.5,0.42104060022345174,0.6644645986755738,0.8807970779778824,0.7497243803875722
Ty1B-RT,0.0007178634314811862,1.0,Low global pLDDT,0.008137212863705973,0.008199510603588906,0.0,0.0,0.0,0.610329702254303,0.17975000000000002,0.7219050463040488,0.47232158634171917,0.3499637466969358,0.5092957215889281,Likely steric incompatibility with Cas9 context,0.2030523126678581,0.11922942676193507,0.6492801726789156,0.20878822795335306,1.0,0.9629656310414836,0.5,0.26867328691486186,0.773811379101775,0.7893939706347544,,1.0,0.9212896628294649,0.7735174959906269,0.8815121863640251,0.43069178527747154,0.8649635770771976,0.9037844582893072,0.7968087886976424,0.7279320730284174,1.0,,1.0,1.0,0.827609047821591,0.9241418199787566,0.15,0.4760905748393129,0.770422995965184,0.9137123880737732,,1.0,0.9212896628294649,0.8815121863640251,0.5509882646821023,0.5,0.7202372970533897,0.7735174959906269,0.8649635770771976,0.9037844582893072
Ty3-RT,0.0008442785487178709,1.0,Low global pLDDT,0.009380334728033473,0.009589041095890411,0.0,0.0,0.0,0.6462304497221688,0.6671,0.634555190906512,0.35619336387827233,0.6456690051341519,0.5621350618111312,Active site poorly positioned in PE context,0.9464765725379756,0.21281749144681988,0.7454448759963634,0.7088375589553921,1.0,0.8496462124464286,0.5,0.2902778798013411,0.5072529081657985,0.6058946923435733,No confident catalytic-adjacent substrate path,1.0,0.7130001627522816,0.6552186626447946,0.8059614408867681,0.07436812138179033,0.8455347349164654,0.8084546514385325,0.7459712091986136,0.8656987408705619,1.0,,1.0,1.0,0.8564077315559033,0.9241418199787566,0.40077870409723065,0.9417265521513316,0.5688689526919094,0.9039958404115692,No confident processive contact path,1.0,0.7130001627522816,0.8059614408867681,0.10568395619025002,0.5,0.7509424379358587,0.6552186626447946,0.8455347349164654,0.8084546514385325
Tyrosinerecomb-RT,0.0007720600930915231,1.0,Low global pLDDT,0.009000988467874794,0.00907636684303351,0.0,0.0,0.0,0.6616175059241662,0.45530000000000004,0.2753812805871972,0.4635241407172448,0.5646425186576004,0.5190155870232569,Active site poorly positioned in PE context,0.8833905702577172,0.1348451498133616,0.6903296629477296,0.627074725414941,1.0,0.577126751625978,0.5,0.2508875353319366,0.7423048864503846,0.851577935981845,,1.0,0.5523079095743253,0.6976294124401387,0.6526269668052668,0.991008816523659,0.8807970779778824,0.9037844582893072,0.5148043026894672,0.8419206405159185,1.0,,1.0,1.0,0.8034008923168451,0.7297726609473386,0.9927842278508302,0.5243447214551913,0.7062134435889968,0.8336666363266605,,1.0,0.5523079095743253,0.6526269668052668,0.9923095751403486,0.5,0.5796805854716285,0.6976294124401387,0.8807970779778824,0.9037844582893072
Abi-RT,0.0007133301294448077,1.0,Low global pLDDT,0.008625079365079365,0.008727272727272728,0.0,0.0,0.0,0.6390927451628511,0.111275,0.7740169891607597,0.6849598899373736,0.20255089918869343,0.4951348858702145,Likely steric incompatibility with Cas9 context,0.013453851892761605,0.12374004767305183,0.5650581039423814,1.0,1.0,0.5992044334914012,0.5,0.2917413918654247,0.7169347772802894,0.7400975005636885,No confident catalytic-adjacent substrate path,1.0,0.9047942014172856,0.7182129231727652,0.913168622287882,0.2955058003171408,0.8411308951190848,0.9037844582893072,0.8736480738231809,0.6420350093406857,1.0,,1.0,1.0,0.7001810562109806,0.6558158058668268,0.15,0.3762802045172265,0.7485412177025994,0.9374830158870108,,1.0,0.9047942014172856,0.913168622287882,0.42215114331020115,0.5,0.7982914510367829,0.7182129231727652,0.8411308951190848,0.9037844582893072
CaMV-RT,0.0008046599938872733,1.0,Low global pLDDT,0.008600879765395895,0.008753582554517133,0.0,0.0,0.0,0.6248683436938843,0.48035,0.6220171875035347,0.5299567467095992,0.3833348969192134,0.456057916137267,Likely steric incompatibility with Cas9 context,0.32588276487182033,0.10652731538304079,0.48992890459341887,0.336476618552924,1.0,0.9011360134312852,0.5,0.22777544457260845,0.6096208840223831,0.8457493661449627,,1.0,0.8765329524347759,0.7231530730726489,0.16361057030711276,0.6488497126266477,0.8175744761936437,0.9037844582893072,0.2917295824981647,0.851035178654098,1.0,,1.0,1.0,0.8873471046175279,0.9450874971502057,0.4006014733838164,0.7073453044613954,0.4965875911793922,0.5508367970365142,No confident processive contact path,0.35,0.8765329524347759,0.16361057030711276,0.9264985370496279,0.5,0.4133284929383375,0.7231530730726489,0.8175744761936437,0.9037844582893072
DRG2-RT,0.0008235705955357242,1.0,Low global pLDDT,0.009148511904761906,0.009229391891891892,0.0,0.0,0.0,0.6472887740081045,0.6093999999999999,0.727444411892119,0.24446880946985836,0.2953536652383528,0.5358979059027291,Likely steric incompatibility with Cas9 context,0.07594874861497945,0.14358711065064755,0.6676555317408317,0.3914581667143242,1.0,0.5966801130801639,0.5,0.33234898121943757,0.7328396604604309,0.8759488720984371,,1.0,0.9915071371483557,0.5833654607012155,0.5123312053968997,0.6267970846929893,0.8455347349164654,0.9037844582893072,0.5882917485261051,0.7229124455813528,0.7725,Catalytic cluster geometry not convincing,0.3,1.0,0.9168273035060777,0.8278681232970917,0.4117918394961481,1.0,0.7264095693863815,0.8144148173067378,,1.0,0.9915071371483557,0.5123312053968997,0.8870016642070219,0.5,0.631121797557275,0.5833654607012155,0.8455347349164654,0.9037844582893072
Drg-RT,0.0008360589595195329,1.0,Low global pLDDT,0.00884434250764526,0.008942160278745646,0.0,0.0,0.0,0.646914656922222,0.5104,0.7294695569255689,0.7082643713357413,0.23848437706091702,0.5494130810310399,Likely steric incompatibility with Cas9 context,0.0344004098339941,0.14498100320387972,0.6935849759454684,0.33175541565180733,1.0,0.526454979899247,0.5,0.35908634497481173,0.7762955507167567,0.9272493936113483,,1.0,0.927124363403659,0.6858703275334701,0.48818954943361675,0.8490276169389512,0.8175744761936437,0.9037844582893072,0.6037893549965028,0.9061335849727449,1.0,,1.0,1.0,0.7068935087913296,0.8761865152754558,0.9727946125948657,1.0,0.6176167932505563,0.6529803731426611,No confident processive contact path,0.35,0.927124363403659,0.48818954943361675,0.8037575866307406,0.5,0.5601814035325119,0.6858703275334701,0.8175744761936437,0.9037844582893072
TCDM_11122-RT,0.0005433795686979753,1.0,Low global pLDDT,0.008129276315789474,0.00831355633802817,0.0,0.0,0.0,0.5934604786303692,0.016405,0.50550902705636,0.31367155333012886,0.4325998406667607,0.5940107566265683,Likely steric incompatibility with Cas9 context,0.2838335812739235,0.12446186008524486,0.6142978053045741,0.40896680206603725,1.0,0.8922298981548762,0.5,0.637283361116454,0.3203398220573448,0.6666000587962151,No confident catalytic-adjacent substrate path,1.0,0.9695279667353559,0.699245064698849,0.623511196911263,0.004626060329921401,0.8807970779778824,0.9037844582893072,0.6030428369660896,0.8579356224044645,1.0,,1.0,1.0,0.9608342772032357,0.8175744761936437,0.40925212065984284,0.855469325866815,0.11045536496352025,0.8230201748615386,No confident processive contact path,1.0,0.9695279667353559,0.623511196911263,6.758919117684167e-21,0.5,0.5596588409112228,0.699245064698849,0.8807970779778824,0.9037844582893072
Ec48-RT,0.0006658987196446174,1.0,Low global pLDDT,0.00917960687960688,0.009389645776566757,0.0,0.0,0.0,0.6427278544222015,0.05695,0.6897590328652432,0.465264886097411,0.3705141193058157,0.4318203788047516,Poor linker geometry to Cas9 anchor,0.3883838334763526,0.1815837092249521,0.3109171455104141,0.24388256578126144,1.0,0.8597011409003847,0.5,0.23478066048364016,0.637951474983485,0.7265810010964064,No confident catalytic-adjacent substrate path,1.0,0.9579794147448828,0.7302377611011828,0.6924131794691634,0.20073135785944488,0.8296760813561542,0.9037844582893072,0.5571135578944055,0.7202052516264283,0.9930458216898352,,1.0,0.9786025282764161,0.7330769429151314,0.8761865152754558,0.15,0.6404179494757442,0.5799491174107207,0.8239350784989701,No confident processive contact path,1.0,0.9579794147448828,0.6924131794691634,0.13675908265634984,0.5,0.4949794905260838,0.7302377611011828,0.8296760813561542,0.9037844582893072
Ec67-RT,0.0007404094239732417,1.0,Low global pLDDT,0.009474402730375427,0.009449633699633699,0.0,0.0,0.0,0.6481509804097528,0.13890000000000002,0.5718771479239352,0.7837364644088773,0.43060441361602597,0.4740960550867765,Active site poorly positioned in PE context,0.4029677468347463,0.14681571420458503,0.5888438670687626,0.6580155076378734,1.0,0.416539696655222,0.5,0.1607246390737584,0.8162416686735691,0.8258409859898004,,1.0,0.8765329524347759,0.7102808879140386,0.9847898484306282,0.5875931583030716,0.8519528019683105,0.9037844582893072,0.9307876146970494,0.8759136674387004,1.0,,1.0,1.0,0.8034008923168451,0.8655297808969444,0.8848724797396601,0.621303343414289,0.7731524838888054,0.9564093367981139,,1.0,0.8765329524347759,0.9847898484306282,0.49308131204748795,0.5,0.8140224752529746,0.7102808879140386,0.8519528019683105,0.9037844582893072
Mx65-RT,0.0007252123447545441,1.0,Low global pLDDT,0.008048591549295775,0.008206476683937824,0.0,0.0,0.0,0.6158170345435859,0.2651,0.8004472465588004,0.20242649235153662,0.35897728713403765,0.5199087487345668,Likely steric incompatibility with Cas9 context,0.2728466206801382,0.18234706355706487,0.5699528701602068,0.12877653939110686,1.0,0.7435063109136844,0.5,0.3273350612209955,0.6799306739375124,0.7447798680336553,No confident catalytic-adjacent substrate path,1.0,0.9865247445361236,0.8226580137335202,0.7590161347413367,0.22818254172127708,0.8621583430350643,0.9037844582893072,0.5482669368386062,0.904495340695196,1.0,,1.0,1.0,0.8964263311685801,0.7297726609473386,0.8563650834422191,1.0,0.11610416152409965,0.8521410447011953,No confident processive contact path,1.0,0.9865247445361236,0.7590161347413367,2.3936935480195986e-13,0.5,0.5585579177257187,0.8226580137335202,0.8621583430350643,0.9037844582893072
Ne144-RT,0.0006656043128328012,1.0,Low global pLDDT,0.008502729044834307,0.008677801268498944,0.0,0.0,0.0,0.5957804919634716,0.084245,0.8752880113472054,0.2614321840346456,0.17154956705331934,0.5646443523379491,Likely steric incompatibility with Cas9 context,0.008098432228860128,0.12009264649004311,0.6269770548122111,0.327111700465437,1.0,0.9607058439957538,0.5,0.5115077080495419,0.8076413192940836,0.8400688886457184,,1.0,0.6364525402815664,0.8417423746255608,0.8544810878752231,0.8714517324744904,0.8455347349164654,0.8084546514385325,0.7286480297564204,0.8736282895240471,1.0,,1.0,1.0,0.8553830549943258,0.6781713019474815,0.8526872756353252,0.9025619158597045,0.7744959606628368,0.9052650175224669,,1.0,0.6364525402815664,0.8544810878752231,0.9215829923668968,0.5,0.7082805314592394,0.8417423746255608,0.8455347349164654,0.8084546514385325
Retron86-RT,0.0008140957566871037,1.0,Low global pLDDT,0.009513793103448274,0.009568458781362007,0.0,0.0,0.0,0.6783242798630903,0.40305,0.6407511877110204,0.4166244895049221,0.2545605762277778,0.4922614977380128,Likely steric incompatibility with Cas9 context,0.060741134499704086,0.14492378388180358,0.6286603829829789,0.26303076884906734,1.0,0.6210676426600147,0.5,0.19546182408726875,0.860297514807676,0.9563761349317448,,1.0,0.9761073105894171,0.7496283044970671,0.8008605790935183,0.8896654122774897,0.8740772351648677,0.7755640142690735,0.6257546681729275,0.9096850799279738,1.0,,1.0,1.0,0.8246609307384499,0.8139849721275887,0.8612457738804359,1.0,0.808380482420826,0.8846578116341359,,1.0,0.9761073105894171,0.8008605790935183,0.9414893219103884,0.5,0.6667908592178784,0.7496283044970671,0.8740772351648677,0.7755640142690735
Rs-RT,0.0007742826794799425,1.0,Low global pLDDT,0.009492465753424656,0.009708333333333334,0.0,0.0,0.0,0.6678839859603032,0.20765,0.6276809855248391,0.6473781254185456,0.22983428279907894,0.48804412211052717,Likely steric incompatibility with Cas9 context,0.04925862835382755,0.12539063528113442,0.47187579101841143,0.20866562106250824,1.0,0.687123636772664,0.5,0.3549100621425626,0.7563570215369299,0.9023254732634923,,1.0,0.9957644603591566,0.7579014590771826,0.4390848123315676,0.7036985342977431,0.8670357598021707,0.9037844582893072,0.4583902484439065,0.7708835397187614,1.0,,1.0,1.0,0.5328958867041507,0.9241418199787566,0.4,0.7639514335516666,0.6048283077392437,0.6132408970191654,No confident processive contact path,0.35,0.9957644603591566,0.4390848123315676,0.8552836204253473,0.5,0.42587317391073454,0.7579014590771826,0.8670357598021707,0.9037844582893072
SEN1-RT,0.0007056317131207107,1.0,Low global pLDDT,0.009051935483870966,0.009115555555555556,0.0,0.0,0.0,0.6486027823468714,0.105,0.6905632800061622,0.4875743331260222,0.30961854712740133,0.527340552793887,Likely steric incompatibility with Cas9 context,0.10980239054802789,0.14428306937639887,0.7913317670055663,0.2999061716406903,1.0,0.5812867825563671,0.5,0.17374737479358274,0.8874456791296355,0.9698340512750266,,1.0,0.9664307767185175,0.7837042935645997,0.8975023354820015,0.9407509195123336,0.8641271029909057,0.8084546514385325,0.6132095296487757,0.7914237436411756,0.7725,Catalytic cluster geometry not convincing,0.3,1.0,0.8807970779778823,0.8761865152754558,0.9850630122391918,1.0,0.8260584487644748,0.9055693970749717,,1.0,0.9664307767185175,0.8975023354820015,0.9260277334181968,0.5,0.6666641125563295,0.7837042935645997,0.8641271029909057,0.8084546514385325
Sau1-RT,0.0007032289795368646,1.0,Low global pLDDT,0.008548851774530273,0.008565375854214123,0.0,0.0,0.0,0.6078809016028782,0.122065,0.8791837368408921,0.3921489562173951,0.3904208507095147,0.5455590036176765,Likely steric incompatibility with Cas9 context,0.3244139675433249,0.17041386723932972,0.6957225857745668,0.11871402729187283,1.0,0.9521241390683022,0.5,0.31609956145680956,0.685226196149333,0.958795355798907,,1.0,0.9957644603591566,0.7886607928725702,0.18100497259403658,0.8774520190220957,0.8354835371034368,0.9037844582893072,0.32095055692426505,0.8578582714216288,0.9798069979665015,,1.0,0.9378676860507738,0.9452929205034201,0.5755558821261196,0.8676635595015341,0.9866027841982855,0.5242087462396149,0.5612473861398384,No confident processive contact path,0.35,0.9957644603591566,0.18100497259403658,0.9194574846733267,0.5,0.443982963435987,0.7886607928725702,0.8354835371034368,0.9037844582893072
Thr-RT,0.0007108190247341831,1.0,Low global pLDDT,0.005595033112582782,0.005716843971631206,0.0,0.0,0.0,0.5421184942830887,0.6219,0.5855215486324524,0.48589654017989653,0.30912106658935395,0.5551064238448485,Likely steric incompatibility with Cas9 context,0.1093414550459226,0.12296064604104424,0.7898291444902196,0.22349249179368688,1.0,0.6679208854222253,0.5,0.3076359048481307,0.6742337712365692,0.8071011834287452,,1.0,0.8765329524347759,0.8174979509427064,0.3526308348821617,0.5299322273459788,0.8411308951190848,0.7123175756448652,0.4324411412288599,0.7231870206186923,1.0,,1.0,1.0,0.6553000345746406,0.8761865152754558,0.4,0.29673770085391693,0.5668556668759464,0.6107727512806236,No confident processive contact path,0.35,0.8765329524347759,0.3526308348821617,0.757046039065684,0.5,0.500935709489947,0.8174979509427064,0.8411308951190848,0.7123175756448652
Vc95-RT,0.0006353991042853359,1.0,Low global pLDDT,0.00906656050955414,0.009196715328467152,0.0,0.0,0.0,0.6619451466875672,0.04331,0.652257917513102,0.32480348597252845,0.29704377698111956,0.5008069306763544,Likely steric incompatibility with Cas9 context,0.11731916609425078,0.14167661687205316,0.687997235199112,0.250895539925427,1.0,0.5344798288479498,0.5,0.1735538706342525,0.6377977498560699,0.8731762347706051,,1.0,0.9579794147448828,0.7788251582694447,0.17901525270819382,0.6517936153185178,0.9046505351008906,0.9037844582893072,0.24989748058322536,0.8139349125661774,1.0,,1.0,1.0,0.7164406204922998,0.7883847000291506,0.40000000391048474,1.0,0.516478679471266,0.5520863174662108,No confident processive contact path,0.35,0.9579794147448828,0.17901525270819382,0.9311337333761078,0.5,0.403690827905087,0.7788251582694447,0.9046505351008906,0.9037844582893072
Vp96-RT,0.3891674130069281,0.28,Low global pLDDT,0.5,0.5,0.5,0.5,0.5,0.5,0.03127,0.6498379552829924,0.6561215235573582,0.39697619628719605,0.5093749999999999,Active site poorly positioned in PE context,0.35,0.2,0.33749999999999997,0.4,1.0,0.5,0.5,0.5,0.3944348491373066,0.5579999999999999,No confident catalytic-adjacent substrate path,0.35,0.35,0.5,0.5,0.29,0.5,0.5,0.35,0.428184192349326,0.35,No confident catalytic acidic cluster,0.25,0.5,0.5,0.5,0.15,1.0,0.41240407311035326,0.61,No confident processive contact path,0.35,0.35,0.5,0.35,0.5,0.35,0.5,0.5,0.5
"retronE,coli-RT",0.0008364401945104818,1.0,Low global pLDDT,0.009648048048048048,0.009779522184300341,0.0,0.0,0.0,0.6600828988380534,0.5320499999999999,0.6395005384729264,0.3866368080299316,0.2399072152975139,0.49190494618776454,Likely steric incompatibility with Cas9 context,0.056325459773723455,0.1449849394171974,0.599711150373588,0.16869010932622705,1.0,0.731301526152031,0.5,0.2229236949602728,0.859638579288017,0.9560003396981692,,1.0,0.9761073105894171,0.7496283044970671,0.8017558129619241,0.8885091192511034,0.8670357598021707,0.7755640142690735,0.6252359569901498,0.9098862244298362,1.0,,1.0,1.0,0.8246609307384499,0.8139849721275887,0.863152008564714,1.0,0.8078006694945639,0.884773107776236,,1.0,0.9761073105894171,0.8017558129619241,0.9384758785267808,0.5,0.6664277613899341,0.7496283044970671,0.8670357598021707,0.7755640142690735
ASLV-RT,0.0007907239355466225,1.0,Low global pLDDT,0.009033741258741259,0.009055827067669173,0.0,0.0,0.0,0.6886265891752149,0.5512,0.3174555163308406,0.37816083487710833,0.24175086870780074,0.44858234035590466,Likely steric incompatibility with Cas9 context,0.08348493652802003,0.14845961333522695,0.5010953587603568,0.1621940050006333,1.0,0.5538521292364516,0.5,0.14477438932803482,0.5613348905207566,0.923555867967958,,1.0,0.8765329524347759,0.6224041478704899,0.07656715594172601,0.8882543336204792,0.8972159750827483,0.9037844582893072,0.2110935722092455,0.8850870965348175,1.0,,1.0,1.0,0.7853857795527475,0.8655297808969444,0.9906570447504554,0.6444758720608558,0.4082262048544624,0.5069387422391095,No confident processive contact path,0.35,0.8765329524347759,0.07656715594172601,0.8470368732075023,0.5,0.29776550054647183,0.6224041478704899,0.8972159750827483,0.9037844582893072
AVIRE-RT,0.00082764338228349,1.0,Low global pLDDT,0.009092929292929293,0.009305053598774884,0.0,0.0,0.0,0.7044723892441052,0.5082,0.6299730034090777,0.4385588408382887,0.3060421614534194,0.47509842489863346,Likely steric incompatibility with Cas9 context,0.17107048700205876,0.1130448059116697,0.550644111576048,0.1504365159153914,1.0,0.9071503504954995,0.5,0.2367047821068161,0.681815551197681,0.9797071378916317,,1.0,0.9445381143324907,0.6673648048044867,0.19539253894618744,0.993022309949453,0.9241418199787564,0.9037844582893072,0.2751492473042666,0.9202375846959054,1.0,,1.0,1.0,0.8389118683184231,0.7883847000291506,0.9956131340947568,1.0,0.5184295227581279,0.5503592091409416,No confident processive contact path,0.35,0.9445381143324907,0.19539253894618744,0.9931653470029638,0.5,0.379342272473543,0.6673648048044867,0.9241418199787564,0.9037844582893072
BAEMV-RT,0.0008432074100715232,1.0,Low global pLDDT,0.008934397677793906,0.009164252696456085,0.0,0.0,0.0,0.6926999143498221,0.6116,0.6877724944419574,0.45559264483078743,0.534947088557088,0.5028762146183281,Poor linker geometry to Cas9 anchor,0.8994329377422181,0.11201480381623119,0.5831553271886221,0.37140411611689245,1.0,0.9562400031149002,0.5,0.31633472746845903,0.6801297225076666,0.8430411176776693,,1.0,0.5523079095743253,0.7700069766808191,0.3658245302141411,0.9647416832800417,0.7981867777396212,0.9037844582893072,0.4255776802817948,0.8618363506638302,1.0,,1.0,1.0,0.60461997734394,0.7883847000291506,0.9949625136709793,1.0,0.5476328472802765,0.6101011195839233,No confident processive contact path,0.35,0.5523079095743253,0.3658245302141411,0.9532291806350744,0.5,0.48464217555781275,0.7700069766808191,0.7981867777396212,0.9037844582893072
BLV-RT,0.0007657247561961353,1.0,Low global pLDDT,0.008193150684931507,0.008212316176470587,0.0,0.0,0.0,0.6854881782700432,0.8206,0.40163601408987115,0.09264314788963299,0.22035529136746362,0.4785250991668299,Likely steric incompatibility with Cas9 context,0.056400910420456744,0.14335657356639592,0.6545637752015974,0.14530970930941758,1.0,0.4536573396963991,0.5,0.11618004789932629,0.5554287112052245,0.8069611407162214,No confident catalytic-adjacent substrate path,0.35,0.4077358169392086,0.7258018843705071,0.3109159148236402,0.9982984621876264,0.9046505351008906,0.9037844582893072,0.4823323365105579,0.8198464534045601,1.0,,1.0,1.0,0.8564077315559033,0.6195592628656694,0.9979293130293506,0.4883133251589699,0.5126766907889109,0.601554267324982,No confident processive contact path,0.35,0.4077358169392086,0.3109159148236402,0.9990482938185017,0.5,0.5001037805224305,0.7258018843705071,0.9046505351008906,0.9037844582893072
FENV1-RT,0.0008494341948655258,1.0,Low global pLDDT,0.009124437781109445,0.009236682615629982,0.0,0.0,0.0,0.7065238780837311,0.60405,0.6979864908852447,0.4671948702639478,0.3809488551046988,0.5658411586517978,Likely steric incompatibility with Cas9 context,0.14634409318384514,0.12139089871439002,0.4689361664861649,0.8361345752387063,1.0,0.9535813786607223,0.5,0.6730375694066366,0.5720463982344144,0.6238856387258374,No confident catalytic-adjacent substrate path,0.35,0.3181639922737487,0.9547814595025343,0.920392300737863,0.5245610499595968,0.9070198054777002,0.6135412164401491,0.7675097499480458,0.9122683898896837,1.0,,1.0,1.0,0.7685247834990175,0.8240638805940084,0.9953796452566576,1.0,0.5318450310352756,0.7714552291595653,No confident processive contact path,0.35,0.3181639922737487,0.920392300737863,0.324101753330383,0.5,0.6747856799985921,0.9547814595025343,0.9070198054777002,0.6135412164401491
GALV-RT,0.0008435276582300915,1.0,Low global pLDDT,0.00911858407079646,0.009295297805642633,0.0,0.0,0.0,0.7026360014060745,0.7404999999999999,0.6213101826293752,0.2801680221085022,0.549714765966543,0.5381245142516926,Poor linker geometry to Cas9 anchor,0.9497136634478887,0.11711710964299085,0.8219429967978021,0.3092271390637579,1.0,0.8445378402711663,0.5,0.2134379505659774,0.6882975789320595,0.8801118226898171,,1.0,0.6364525402815664,0.8019207355090232,0.28304346269175085,0.9946607603024865,0.9168273035060777,0.9037844582893072,0.37427436002528885,0.8991735036270887,1.0,,1.0,1.0,0.6531157934497624,0.9017867873738937,0.9959714766759856,1.0,0.5386642235703384,0.584384218048502,No confident processive contact path,0.35,0.6364525402815664,0.28304346269175085,0.9952500313778483,0.5,0.4487298513782586,0.8019207355090232,0.9168273035060777,0.9037844582893072
HIVpol+MMLVRNaseH_RT,0.0008607066421136804,1.0,Low global pLDDT,0.00857152,0.008597948717948717,0.0,0.0,0.0,0.6587210558550912,0.8049,0.6988551251825029,0.6190769046887837,0.33146819468055616,0.5350385481795144,Likely steric incompatibility with Cas9 context,0.2732466443193214,0.13200580782198043,0.5745397494025792,0.09664267890360213,1.0,0.48230447594428955,0.5,0.43360863549349804,0.8400621317761704,0.9170629927157562,,1.0,0.9579794147448828,0.7584161583674435,0.7804215585696063,0.7868297936112899,0.8892726820276318,0.9037844582893072,0.5679932255398515,0.8843925991771511,0.990958921798259,,1.0,0.972181297840797,0.5895082611663391,0.9533338768045492,0.9945188014765709,1.0,0.7607290301786238,0.8571057249727174,,1.0,0.9579794147448828,0.7804215585696063,0.6993862755328636,0.5,0.5600664028429361,0.7584161583674435,0.8892726820276318,0.9037844582893072
IPMA-RT,0.0007962437555902361,1.0,Low global pLDDT,0.008957068062827226,0.009010881801125702,0.0,0.0,0.0,0.6615383284776892,0.7880499999999999,0.21666789617914772,0.3807490790568383,0.33750041688139854,0.4775972989746416,Likely steric incompatibility with Cas9 context,0.20695387747946287,0.14070581253018596,0.6241530689928658,0.27963125724229715,1.0,0.5708616056011528,0.5,0.14553031437551475,0.5889263179983677,0.9424579437571632,,1.0,0.8765329524347759,0.7613465823725157,0.07937728299171794,0.9464145668180337,0.8807970779778824,0.9037844582893072,0.214321864983139,0.8759135816472954,1.0,,1.0,1.0,0.8034008923168451,0.7791621283229098,0.9899439277435458,0.6853015566548472,0.42899764937655926,0.5159970840321022,No confident processive contact path,0.35,0.8765329524347759,0.07937728299171794,0.9306322899232297,0.5,0.33676310484875366,0.7613465823725157,0.8807970779778824,0.9037844582893072
KORV-RT,0.0008573050136972487,1.0,Low global pLDDT,0.00917920353982301,0.009376489028213168,0.0,0.0,0.0,0.7060146796536514,0.7154,0.6219257246709174,0.4271952266877838,0.4344749695762059,0.5038547398488503,Poor linker geometry to Cas9 anchor,0.8669590566943484,0.11512324079011382,0.6878977250448892,0.07227395874587758,1.0,0.8406372122488504,0.5,0.2123979935603984,0.6996456574008534,0.917136680038431,,1.0,0.7474390202201999,0.7822016498918085,0.26524300869831435,0.9975969183595876,0.9324533088603709,0.9037844582893072,0.3201105095125639,0.878652006629245,1.0,,1.0,1.0,0.8433729798182608,0.6224593312018547,0.9951939395903993,1.0,0.5420487495624119,0.5748019097971517,No confident processive contact path,0.35,0.7474390202201999,0.26524300869831435,0.9999999265205544,0.5,0.42230426728853987,0.7822016498918085,0.9324533088603709,0.9037844582893072
MMLV-RT,0.0008114590259190106,1.0,Low global pLDDT,0.00847917282127031,0.008706122448979592,0.0,0.0,0.0,0.7219610039544073,0.4555,0.6857816163431313,0.48732177285598105,0.5201935998762118,0.5196867457871204,Poor linker geometry to Cas9 anchor,0.7810038955592351,0.11791040447711297,0.6494128063920017,0.3527825554698963,1.0,0.8224756994156985,0.5,0.3114237722793667,0.783701279151408,0.8791186243768983,,1.0,0.7984551187272498,0.8227840023281475,0.594851649127225,0.8296021870478218,0.8807970779778824,0.7123175756448652,0.5539151812668864,0.8756642161974627,1.0,,1.0,1.0,0.8291996208705242,0.6224593312018547,0.9950293108870012,1.0,0.7062175033223422,0.8147637412121352,,1.0,0.7984551187272498,0.594851649127225,0.7601250451490305,0.5,0.5502117718518604,0.8227840023281475,0.8807970779778824,0.7123175756448652
MMTV-RT,0.0007680371038003412,1.0,Low global pLDDT,0.008842880794701987,0.008906560283687944,0.0,0.0,0.0,0.6504143276818765,0.5224,0.361671661569648,0.22924408406651947,0.45354503647309413,0.43634865752245966,Poor linker geometry to Cas9 anchor,0.786441318412736,0.1324952027350931,0.3272106895040046,0.3294645571044579,1.0,0.8310880446440271,0.5,0.2856887378507408,0.6667088229490088,0.8783425686387564,,1.0,0.9865247445361236,0.8174979509427063,0.20645261804323756,0.6391446974292807,0.8621583430350643,0.9037844582893072,0.3548405602733437,0.8172061884162052,1.0,,1.0,1.0,0.8744228443200011,0.7883847000291506,0.4,0.6987746011729176,0.5103174747308337,0.5471322188841585,No confident processive contact path,0.35,0.9865247445361236,0.20645261804323756,0.7630638534704011,0.5,0.35338839219134055,0.8174979509427063,0.8621583430350643,0.9037844582893072
MPMV-RT,0.0007069997108728517,1.0,Low global pLDDT,0.008686739469578781,0.008797670549084858,0.0,0.0,0.0,0.6342984515486102,0.21605,0.24607101612940407,0.5608048205538779,0.4130677782822996,0.4883308760729224,Likely steric incompatibility with Cas9 context,0.32482063335275363,0.12885912784034437,0.5485168545590305,0.43459370526849067,1.0,0.7928671808103237,0.5,0.2759475218923149,0.6918944041348429,0.945607623641716,,1.0,0.9865247445361236,0.825627733083366,0.20637041878969106,0.8461140974383874,0.8621583430350643,0.9037844582893072,0.2631785207487388,0.90010169948507,1.0,,1.0,1.0,0.8246609307384499,0.8655297808969444,0.9876030237482708,0.6937748228601408,0.5119061678993172,0.5456644144604171,No confident processive contact path,0.35,0.9865247445361236,0.20637041878969106,0.7890179793775028,0.5,0.34669610948915713,0.825627733083366,0.8621583430350643,0.9037844582893072
PERV-RT,0.0008448789995825076,1.0,Low global pLDDT,0.008759220389805096,0.008911802232854864,0.0,0.0,0.0,0.7102403657434874,0.7130000000000001,0.5737011524454241,0.4781959959675443,0.4721349668885715,0.5255276618123352,Poor linker geometry to Cas9 anchor,0.6065306597126334,0.12042877237462944,0.6683408477074313,0.24737088251982747,1.0,0.8284263189673527,0.5,0.31334102716728024,0.7575916937083753,0.7793087707638214,,1.0,0.4650570548417856,0.7645020479076627,0.9764790205218247,0.8558930090468956,0.9002495108803149,0.6547534606063192,0.899580908461678,0.9089746274237712,1.0,,1.0,1.0,0.8765475888726281,0.7102611464481597,0.9934144950424492,1.0,0.7409774228913925,0.9551334154245371,,1.0,0.4650570548417856,0.9764790205218247,0.79883680217953,0.5,0.8164444352837309,0.7645020479076627,0.9002495108803149,0.6547534606063192
POL11ERV-RT,0.0007281588858415871,1.0,Low global pLDDT,0.007292994746059546,0.007359322033898305,0.0,0.0,0.0,0.6675273510943958,0.42535,0.31318734437162915,0.4958140207443146,0.21887648268560522,0.40391301601390184,Likely steric incompatibility with Cas9 context,0.07635812451246511,0.14459749444181694,0.31897558386850694,0.17105458615026387,1.0,0.5973741010368203,0.5,0.15207898574528358,0.6230564059782534,0.8457072214496899,,1.0,0.7474390202201999,0.7790145330628678,0.17601876229749452,0.7778139688557691,0.9149009549929797,0.9037844582893072,0.25403116213468024,0.8484941730575015,1.0,,1.0,1.0,0.8034008923168451,0.8655297808969444,0.4,1.0,0.4765699084307987,0.5252487914215503,No confident processive contact path,0.35,0.7474390202201999,0.17601876229749452,0.9611628126510988,0.5,0.28282181349427615,0.7790145330628678,0.9149009549929797,0.9037844582893072
RSVSB-RT,0.0007752076626876124,1.0,Low global pLDDT,0.008787699680511182,0.008834129692832765,0.0,0.0,0.0,0.6584848607522185,0.51325,0.31014917225132393,0.3890262085448089,0.57786893322254,0.49656883945321706,Active site poorly positioned in PE context,0.954631339089339,0.12747193161976395,0.6847567326952169,0.7687912448538827,1.0,0.6718365459158623,0.5,0.17404669349788754,0.718573859054678,0.7150873563054463,No confident catalytic-adjacent substrate path,1.0,0.8279419482552755,0.7959087702420813,0.9763890343695698,0.2954037634537899,0.8484148512107131,0.9037844582893072,0.7965010865373159,0.8813070374584588,1.0,,1.0,1.0,0.7853857795527475,0.8655297808969444,0.9908075269075798,0.6173806100563516,0.12111076159678061,0.9315202889048998,No confident processive contact path,1.0,0.8279419482552755,0.9763890343695698,5.042466025974028e-21,0.5,0.7075507605761211,0.7959087702420813,0.8484148512107131,0.9037844582893072
SRV2-RT,0.0007016424675219825,1.0,Low global pLDDT,0.008747113884555383,0.008857237936772046,0.0,0.0,0.0,0.6346602538721416,0.21595,0.2413004521413001,0.4534576720447205,0.39289466936533457,0.536236609800545,Likely steric incompatibility with Cas9 context,0.25306384376859387,0.12847600679373278,0.7362555795125363,0.28888236879956386,1.0,0.8098597048247083,0.5,0.2802148528959111,0.7016213400179481,0.9438058146789073,,1.0,0.9865247445361236,0.825627733083366,0.20677853372934496,0.8405700698605145,0.8621583430350643,0.9037844582893072,0.3543116964479792,0.9020617551273967,1.0,,1.0,1.0,0.8246609307384499,0.8655297808969444,0.9881381384598834,0.7086473557558901,0.5236518504686878,0.5622396863560187,No confident processive contact path,0.35,0.9865247445361236,0.20677853372934496,0.7807157151865326,0.5,0.4227892494522798,0.825627733083366,0.8621583430350643,0.9037844582893072
WDSV-RT,0.0007892256912724635,1.0,Low global pLDDT,0.00917236842105263,0.009393322981366461,0.0,0.0,0.0,0.6902246123014149,0.55575,0.2664470980679096,0.3822210552597971,0.4719375039768095,0.4836573606523371,Poor linker geometry to Cas9 anchor,0.9815775340063674,0.11516939272820792,0.5795461837837318,0.1268247788445334,1.0,0.9513343023968904,0.5,0.2399138660974084,0.5994597747420186,0.95002705934269,,1.0,0.8765329524347759,0.7330769429151314,0.08609778804084987,0.9697041532350396,0.9444507398423883,0.9037844582893072,0.22506676618441454,0.8884427972947364,1.0,,1.0,1.0,0.8034008923168451,0.8761865152754558,0.9982100402852007,0.6194625059208302,0.43462311513027374,0.5138250616892457,No confident processive contact path,0.35,0.8765329524347759,0.08609778804084987,0.9579987615606275,0.5,0.3200178812941301,0.7330769429151314,0.9444507398423883,0.9037844582893072
WMSV-RT,0.0008581761987431566,1.0,Low global pLDDT,0.009066369047619047,0.009234493670886076,0.0,0.0,0.0,0.707943428692527,0.7838499999999999,0.6137711335556645,0.39096116305318807,0.49920269146970514,0.5125099433252245,Poor linker geometry to Cas9 anchor,0.82544385765735,0.11910223696192529,0.7550373455578872,0.26879798069484345,1.0,0.6942764011315985,0.5,0.17590019078108543,0.6952875948310796,0.91727800366574,,1.0,0.7474390202201999,0.7822016498918085,0.2537253890987379,0.9980317602897694,0.9241418199787564,0.9037844582893072,0.3240044311967691,0.8893104515624352,1.0,,1.0,1.0,0.7068935087913296,0.7883847000291506,0.9962070282954149,1.0,0.5361353604072099,0.5704076962310236,No confident processive contact path,0.35,0.7474390202201999,0.2537253890987379,0.99989749448866,0.5,0.4135409011982947,0.7822016498918085,0.9241418199787564,0.9037844582893072
AFY36037.1-RT,0.0007993361522348618,1.0,Low global pLDDT,0.008140707964601769,0.008274193548387095,0.0,0.0,0.0,0.5811348083713423,0.5909,0.76200237901708,0.358647563887623,0.27117906509945444,0.5040567823821156,Likely steric incompatibility with Cas9 context,0.053751317708161085,0.10761160764226868,0.5960075583322627,0.5744822183293071,1.0,0.6831723202454278,0.5,0.31260796355393133,0.7459199434441935,0.8566624687746573,,1.0,0.8765329524347759,0.6497942951072163,0.5360714188096302,0.6824284899487849,0.8175744761936437,0.9037844582893072,0.6986239545381075,0.8260868836494104,1.0,,1.0,1.0,0.8564077315559033,0.7102611464481597,0.40000000005031355,1.0,0.7273836809565556,0.8115234405136995,,1.0,0.8765329524347759,0.5360714188096302,0.9748978427480403,0.5,0.5940367681766753,0.6497942951072163,0.8175744761936437,0.9037844582893072
