rt_name,foldability_score,foldability_confidence,foldability_failure_reason,foldability_plddt_mean,foldability_plddt_core,foldability_high_conf_frac,foldability_low_conf_frac,foldability_longest_conf_segment,foldability_contact_density,foldability_thermo_37,foldability_solubility,foldability_instability,fusion_compat_score,fusion_compat_confidence,fusion_compat_failure_reason,fusion_compat_clash_score,fusion_compat_alignment_quality,fusion_compat_active_site_access,fusion_compat_linker_feasibility,fusion_compat_size_penalty,substrate_binding_score,substrate_binding_confidence,substrate_binding_failure_reason,substrate_binding_patch_detected,substrate_binding_patch_positive_density,substrate_binding_patch_exposure,substrate_binding_patch_size,substrate_binding_patch_contiguity,substrate_binding_active_site_proximity,catalytic_score,catalytic_confidence,catalytic_failure_reason,catalytic_acidic_cluster_detected,catalytic_acidic_cluster_compactness,catalytic_acidic_cluster_exposure,catalytic_catalytic_neighborhood,catalytic_motif_context,catalytic_esm_if_quality,processivity_score,processivity_confidence,processivity_failure_reason,processivity_path_detected,processivity_path_positive_density,processivity_path_extension,processivity_path_catalytic_proximity,processivity_thumb_support,processivity_structural_sim
A.platensis-Cas1-RT,0.0008619333930501357,1.0,Low global pLDDT,0.009122302158273381,0.009268067226890754,0.0,0.0,0.0,0.656442816251378,0.85365,0.5689332093695465,0.4587977796306609,0.32122296077005,0.7781714037656626,Likely steric incompatibility with Cas9 context,0.08330494315920789,0.6936,0.6726040107590365,0.47471967370494433,1.0,0.888168209058541,0.9454059751685254,,1.0,0.9968587867151706,0.8320183851339245,0.9706877692486436,0.8411308951190848,0.7026653521833783,0.8222897168481887,1.0,,1.0,1.0,0.5962207137466882,0.9497420920771945,0.5423308290146092,0.8127534223932048,0.6656108192700209,0.7789912613598848,,1.0,0.927124363403659,0.31997311187656846,0.8898558573236593,0.46082081194411756,0.7081
CRISPRRT2-RT,0.0007500335561527124,1.0,Low global pLDDT,0.009166457680250782,0.009319354838709677,0.0,0.0,0.0,0.6388861334915511,0.1671,0.6303596444943332,0.7388741998015746,0.40000992975935357,0.7673013579429199,Likely steric incompatibility with Cas9 context,0.2672982645025687,0.6958,0.6393467369797712,0.14636446338630377,1.0,0.6848326948091059,0.62625,No confident active-site-adjacent electropositive patch,0.35,0.9968587867151706,0.5,0.9706877692486436,0.8411308951190848,0.7003364562579775,0.8058429524518969,1.0,,1.0,1.0,0.6899744811276124,0.7791621283229098,0.41151908741475385,0.97094003720001,0.8326829078570704,0.9502743852760636,,1.0,0.8765329524347759,0.8469981085417342,0.8887644624205312,0.7167146063192048,0.6958
FuRT-Cas1-RT,0.000841968503239364,1.0,Low global pLDDT,0.009632499999999999,0.009725000000000001,0.0,0.0,0.0,0.641834045088731,0.54425,0.7337979282524816,0.38502066281625086,0.2830123355643131,0.6794044047016543,Likely steric incompatibility with Cas9 context,0.09202124440450293,0.6888,0.3952125848618693,0.39520198485502855,1.0,0.6938578623280861,0.62625,No confident active-site-adjacent electropositive patch,0.35,0.9968587867151706,0.5,0.9706877692486436,0.8411308951190848,0.7477163434081825,0.710695191224336,1.0,,1.0,1.0,0.6461206356285277,0.8761865152754558,0.15,0.6837890731149445,0.8159294092759243,0.9065541805346613,,1.0,0.9346246665744273,0.7124744016451116,0.9673535990197987,0.6295526147503073,0.7017
Med-CasRT,0.0005901585640056853,1.0,Low global pLDDT,0.008797749196141479,0.009031734317343172,0.0,0.0,0.0,0.6258536328088226,0.017705,0.7790231813106007,0.5110753584939394,0.20176668245560278,0.7320745201089698,Likely steric incompatibility with Cas9 context,0.02058074787206201,0.699,0.535498628882771,0.810051352472765,1.0,0.8694572835088262,0.9247705546371806,,1.0,0.9968587867151706,0.7685247834990175,0.9706877692486436,0.8411308951190848,0.6838938756861608,0.765091988221014,1.0,,1.0,1.0,0.8912165801050141,0.5122459331201855,0.5307902351378996,0.6212838497778467,0.7363847713156164,0.8901388835127299,,1.0,0.6130141761393355,0.6619657954237843,0.9499735762508582,0.619945034860864,0.7043
ROSE-CRISPR-RT,0.0007368773305026655,1.0,Low global pLDDT,0.008078699551569505,0.007980295566502463,0.0,0.0,0.0,0.6059914514454416,0.2519,0.7674303542657058,0.40643517855872824,0.3698029607244364,0.6611857668090461,Likely steric incompatibility with Cas9 context,0.1441316099580324,0.6757,0.3562593337401319,1.0,1.0,0.8671568648102266,0.899241706366474,,1.0,0.9968587867151706,0.6899744811276125,0.9525741268224334,0.7310585786300049,0.7822286025157688,0.7299876530565053,1.0,,1.0,1.0,0.6739976220871791,0.9241418199787566,0.15,0.7383629742281128,0.6467791978276076,0.9778705595904531,No confident processive contact path,1.0,0.9865247445361236,0.9319094141244713,0.12204076124701496,0.7786313220024099,0.6757
Er-RT,0.0007510405796453744,1.0,Low global pLDDT,0.008649530516431926,0.008642487046632124,0.0,0.0,0.0,0.6727517375193818,0.17975,0.7084334825823263,0.7646180054483351,0.3839418200191265,0.687500306999116,Likely steric incompatibility with Cas9 context,0.309080343154965,0.6894,0.4177437342831889,0.16278524651411072,1.0,0.8353916382105296,0.8827714376350504,,1.0,0.9968587867151706,0.6392967311847706,0.8807970779778823,0.5825702064623147,0.7561069492810341,0.841398699406965,1.0,,1.0,1.0,0.7609964331307685,0.8761865152754558,0.4,1.0,0.7844775969286885,0.969969627059536,,1.0,0.8765329524347759,0.9075988524908801,0.5391698121909269,0.7412251954885346,0.6894
GroupII_CLA-RT,0.0007546217332338324,1.0,Low global pLDDT,0.009156535947712418,0.009365413533834587,0.0,0.0,0.0,0.6687671585769396,0.1978,0.7250662758276039,0.4041492725057777,0.15342566264834745,0.707633132686495,Likely steric incompatibility with Cas9 context,0.012740543134289855,0.6519,0.5127660933899856,0.4604350447194364,1.0,0.8222807119342989,0.9247705546371806,,1.0,0.9968587867151706,0.7685247834990175,0.9525741268224334,0.7310585786300049,0.5384198055985049,0.693472176476243,0.7725,Catalytic cluster geometry not convincing,0.3,1.0,0.7685247834990175,0.8139849721275887,0.4000000072630264,1.0,0.8452510026026108,0.9711883760705593,,1.0,0.8765329524347759,0.9113488494478748,0.8674704832237597,0.8495855745857744,0.6519
Gs-RT,0.000873832552970247,1.0,Low global pLDDT,0.008649530516431926,0.008642487046632124,0.0,0.0,0.0,0.6727517375193818,0.9183,0.7891732213261415,0.485809301322863,0.3839418200191265,0.687500306999116,Likely steric incompatibility with Cas9 context,0.309080343154965,0.6894,0.4177437342831889,0.16278524651411072,1.0,0.8353916382105296,0.8827714376350504,,1.0,0.9968587867151706,0.6392967311847706,0.8807970779778823,0.5825702064623147,0.7561069492810341,0.841398699406965,1.0,,1.0,1.0,0.7609964331307685,0.8761865152754558,0.4,1.0,0.7844775969286885,0.969969627059536,,1.0,0.8765329524347759,0.9075988524908801,0.5391698121909269,0.7412251954885346,0.6894
LtrA-RT,0.0008185749878654777,1.0,Low global pLDDT,0.008594481605351171,0.008629390681003586,0.0,0.0,0.0,0.6631263308189143,0.61145,0.7092472609923879,0.3299462670223846,0.5271926833936663,0.8103445567936595,Likely steric incompatibility with Cas9 context,0.22767645423409402,0.6958,0.7623273051247415,1.0,1.0,0.9101169559651058,0.9454059751685254,,1.0,0.9968587867151706,0.8320183851339245,0.9706877692486436,0.8411308951190848,0.7938865551503587,0.8589102472964324,1.0,,1.0,1.0,0.864537513696563,0.7037715740459195,0.590264566547224,1.0,0.7765689245787619,0.8938805707709648,,1.0,0.9346246665744273,0.6734786792952765,0.7308111382846997,0.6655816053227085,0.6958
Tel4c-RT,0.0008756359617160742,1.0,Low global pLDDT,0.008672370766488413,0.00890806142034549,0.0,0.0,0.0,0.6454115790977798,0.95095,0.8302639388812637,0.4348199977682662,0.6462567258416342,0.8198708387450138,Poor linker geometry to Cas9 anchor,0.6805972750510992,0.684,0.8013452535571821,0.28261886169346584,1.0,0.8919533541550744,0.9454059751685254,,1.0,0.9968587867151706,0.8320183851339245,0.9525741268224334,0.7310585786300049,0.7468892005630674,0.8729524115801764,0.9972408229794453,,1.0,0.9915102245521396,0.7423413493752159,0.9450874971502057,0.5333488445464155,1.0,0.8090914815836433,0.8643742513238464,,1.0,0.9830434644897993,0.5826900040733735,0.9999975191467567,0.7718250750332766,0.689
Bel-RT,0.0008424648610331855,1.0,Low global pLDDT,0.009495689655172414,0.009493396226415094,0.0,0.0,0.0,0.7048891806280593,0.6883999999999999,0.39370351251110797,0.5011901917175452,0.47145521864162543,0.820798800151188,Likely steric incompatibility with Cas9 context,0.3258644724494817,0.8393,0.6486965718605371,0.2231156611825466,1.0,0.947378839118277,0.9454059751685254,,1.0,0.9968587867151706,0.8320183851339245,0.9706877692486436,0.8411308951190848,0.9702660133153196,0.8548373776578946,0.9953135062310728,,1.0,0.9855800191725316,0.847739664244691,0.6235111868294204,0.8414540942741127,0.9190970521843689,0.7627749393313358,0.8428923721019653,,1.0,0.8765329524347759,0.5165919141598934,0.9462500396763852,0.4847446535728701,0.8537
CHLRE,0.0007635786363725894,1.0,Low global pLDDT,0.00796866485013624,0.008300305810397554,0.0,0.0,0.0,0.6670389421028468,0.8951,0.15604167452680556,0.33721675986427774,0.23991739394556696,0.7335158931072361,Likely steric incompatibility with Cas9 context,0.05032204853579263,0.6621,0.576516837449246,0.2978735398005949,1.0,0.8396182426074832,0.8695734895365469,,1.0,0.9968587867151706,0.598687660112452,0.9706877692486436,0.8411308951190848,0.737249294444494,0.5689757484966268,0.7725,Catalytic cluster geometry not convincing,0.3,1.0,0.8807970779778823,0.7102611464481597,0.15,0.36861802726659904,0.7602876474989186,0.9906337013816758,,1.0,0.5853112175797617,0.9711806196359257,0.6859412385301547,0.8019145432707748,0.6621
FoxC-RT,0.0007166746564085905,1.0,Low global pLDDT,0.005863117870722433,0.006059465020576132,0.0,0.0,0.0,0.5856490997989546,0.6777,0.5909978580383981,0.266135761437669,0.272906622246364,0.7443367285530388,Likely steric incompatibility with Cas9 context,0.10072764281837161,0.6153,0.6542335101515393,0.12136832893135759,1.0,0.8872959307918746,0.9729688736394753,,1.0,0.9968587867151706,0.9168273035060777,0.9706877692486436,0.8411308951190848,0.6345418243956288,0.7388155079523917,0.9969901107881324,,1.0,0.9907388024250229,0.8433729798182608,0.7582164511514605,0.40000000011182435,0.30323290985820006,0.7544924189311764,0.992295926026491,,1.0,0.8942587414290022,0.9762951570045874,0.3580857380431865,0.9022712344960109,0.6369
Gate-RT,0.0008230785947674033,1.0,Low global pLDDT,0.009139961759082217,0.00919254658385093,0.0,0.0,0.0,0.6836408295660173,0.7271000000000001,0.4619608946897345,0.2713390501194261,0.772055445751392,0.8135290066304486,,0.8484711052331093,0.7963,0.6709257332298529,0.6387084667099722,1.0,0.9574621307057017,0.9612590503428117,,1.0,0.9968587867151706,0.8807970779778823,0.9706877692486436,0.8411308951190848,0.96635679843314,0.8668232396186125,1.0,,1.0,1.0,0.6528330882088768,0.8655297808969444,0.9715551376669406,0.7720930849733071,0.862075627492767,0.9436852332081189,,1.0,0.7984551187272498,0.8267237944865198,0.9999192138951202,0.8205989816037845,0.7963
Gypsy-RT,0.0008070619247198646,1.0,Low global pLDDT,0.008931130063965885,0.009145687645687645,0.0,0.0,0.0,0.682999465789909,0.4074,0.56769722224808,0.5856860595421237,0.4989200842061521,0.8997327848813037,Likely steric incompatibility with Cas9 context,0.2507380187984987,0.893,0.8205222425180108,0.3810869530750938,1.0,0.9513982669486563,0.9454059751685254,,1.0,0.9968587867151706,0.8320183851339245,0.9706877692486436,0.8411308951190848,0.9910240614661014,0.9137769325175151,1.0,,1.0,1.0,0.7853857795527475,0.8761865152754558,0.9956264465279696,0.860887265479677,0.8621570732853685,0.9976525454420979,,1.0,0.5776030061223163,0.9927770628987627,0.985328659464251,0.8399723411314337,0.9165
Line1-RT,0.49568019736470587,0.28,Low global pLDDT,0.5,0.5,0.5,0.5,0.5,0.5,0.34304999999999997,0.7309478717130965,0.5840041998012689,,,,0.35,0.2,,0.4,0.8869204367171575,0.35419282225374815,0.3,No confident electropositive surface patch,0.25,0.5,0.5,0.5,0.5,0.15,0.428184192349326,0.35,No confident catalytic acidic cluster,0.25,0.5,0.5,0.5,0.15,1.0,0.0315160156974938,0.35,No confident processive contact path,0.25,0.5,0.5,0.5,0.35,0.0
Ngaro-RT,0.0007928482863105032,1.0,Low global pLDDT,0.008950108932461875,0.009105727923627686,0.0,0.0,0.0,0.6694906727720883,0.7819499999999999,0.23096949350705634,0.2991852106089921,0.523195259508031,0.7544042313696022,Poor linker geometry to Cas9 anchor,0.6285410105311218,0.8599,0.4383978039131494,0.1808915685835024,1.0,0.6992447483898229,0.62625,No confident active-site-adjacent electropositive patch,0.35,0.9968587867151706,0.5,0.9706877692486436,0.8411308951190848,0.7771956679114642,0.6185980179919909,0.7725,Catalytic cluster geometry not convincing,0.3,1.0,0.9426758241011313,0.7791621283229098,0.15,0.6170661050201909,0.6002540264147442,0.562912367828185,No confident processive contact path,0.35,0.9346246665744273,0.30511497793287695,0.9812705881537149,0.501727781959898,0.8599
Tf1-RT,0.000797480319032871,1.0,Low global pLDDT,0.009100594059405939,0.009367311827956987,0.0,0.0,0.0,0.6072204911814721,0.40575,0.6809386912920941,0.3834124292593901,0.5146429868124617,0.751537576624179,,0.4010489917154808,0.8958,0.39430736178336884,0.529635627464994,1.0,0.9355200918558318,0.9813696428328677,,1.0,0.9968587867151706,0.9426758241011313,0.9706877692486436,0.8411308951190848,0.8040972345892439,0.8700966852686951,1.0,,1.0,1.0,0.9401124682701482,0.9017867873738937,0.4,0.8650631043273795,0.7439500796015945,0.9700673148314053,,1.0,0.5038888104728623,0.9078994302504778,0.5779956207017546,0.6771336592050338,0.9132
Ty1B-RT,0.0007178634314811862,1.0,Low global pLDDT,0.008137212863705973,0.008199510603588906,0.0,0.0,0.0,0.610329702254303,0.17975000000000002,0.7219050463040488,0.47232158634171917,0.3931769095051304,0.8089630604376205,Likely steric incompatibility with Cas9 context,0.2030523126678581,0.8049,0.6492801726789156,0.20878822795335306,1.0,0.691183889996558,0.62625,No confident active-site-adjacent electropositive patch,0.35,0.9968587867151706,0.5,0.9706877692486436,0.8411308951190848,0.7334193099102274,0.7279320730284174,1.0,,1.0,1.0,0.827609047821591,0.9241418199787566,0.15,0.4760905748393129,0.8455981979258941,0.9250859364668502,,1.0,0.9212896628294649,0.7694951891287701,0.8454468478692523,0.7384531620679391,0.8049
Ty3-RT,0.0008442785487178709,1.0,Low global pLDDT,0.009380334728033473,0.009589041095890411,0.0,0.0,0.0,0.6462304497221688,0.6671,0.634555190906512,0.35619336387827233,0.8526649847110733,0.8774457065987271,,0.9464765725379756,0.9044,0.7454448759963634,0.7088375589553921,1.0,0.8939607568160386,0.9612590503428117,,1.0,0.9968587867151706,0.8807970779778823,0.9706877692486436,0.8411308951190848,0.6856804221451263,0.8656987408705619,1.0,,1.0,1.0,0.8564077315559033,0.9241418199787566,0.40077870409723065,0.9417265521513316,0.7454602236324382,0.8663140559897348,,1.0,0.5523079095743253,0.5886586338145686,0.8643521686469514,0.7600859528879338,0.906
Tyrosinerecomb-RT,0.0007720600930915231,1.0,Low global pLDDT,0.009000988467874794,0.00907636684303351,0.0,0.0,0.0,0.6616175059241662,0.45530000000000004,0.2753812805871972,0.4635241407172448,0.7980675847184718,0.8489153820317052,,0.8833905702577172,0.878,0.6903296629477296,0.627074725414941,1.0,0.9127520385345917,0.9454059751685254,,1.0,0.9968587867151706,0.8320183851339245,0.9706877692486436,0.8411308951190848,0.8054460888688876,0.8419206405159185,1.0,,1.0,1.0,0.8034008923168451,0.7297726609473386,0.9927842278508302,0.5243447214551913,0.8071240118057029,0.9130029529109934,,1.0,0.9761073105894171,0.7323167781876722,0.5549789824476299,0.7204531439375492,0.878
Abi-RT,0.0007133301294448077,1.0,Low global pLDDT,0.008625079365079365,0.008727272727272728,0.0,0.0,0.0,0.6390927451628511,0.111275,0.7740169891607597,0.6849598899373736,0.18176922137434956,0.7414053363798334,Likely steric incompatibility with Cas9 context,0.013453851892761605,0.6961,0.5650581039423814,1.0,1.0,0.8705265332893823,0.9454059751685254,,1.0,0.9968587867151706,0.8320183851339245,0.9706877692486436,0.8411308951190848,0.6355979429325621,0.6420350093406857,1.0,,1.0,1.0,0.7001810562109806,0.6558158058668268,0.15,0.3762802045172265,0.806256651107995,0.9398519517084789,,1.0,0.9047942014172856,0.814929082179935,0.6449776239541183,0.8299813572353095,0.7047
CaMV-RT,0.0008046599938872733,1.0,Low global pLDDT,0.008600879765395895,0.008753582554517133,0.0,0.0,0.0,0.6248683436938843,0.48035,0.6220171875035347,0.5299567467095992,0.47125469697071887,0.7815401166076965,Likely steric incompatibility with Cas9 context,0.32588276487182033,0.8859,0.48992890459341887,0.336476618552924,1.0,0.8531688713727437,0.9120061305018274,,1.0,0.9968587867151706,0.7292496323133151,0.9525741268224334,0.7310585786300049,0.682302835985832,0.851035178654098,1.0,,1.0,1.0,0.8873471046175279,0.9450874971502057,0.4006014733838164,0.7073453044613954,0.39231096468437904,0.8616282339530432,No confident processive contact path,1.0,0.9346246665744273,0.5742407198555176,0.006532461451379501,0.6988623184940849,0.9014
DRG2-RT,0.0008235705955357242,1.0,Low global pLDDT,0.009148511904761906,0.009229391891891892,0.0,0.0,0.0,0.6472887740081045,0.6093999999999999,0.727444411892119,0.24446880946985836,0.2987172364204986,0.761529436109291,Likely steric incompatibility with Cas9 context,0.07594874861497945,0.651,0.6676555317408317,0.3914581667143242,1.0,0.8991473230263471,0.9612590503428117,,1.0,0.9968587867151706,0.8807970779778823,0.9706877692486436,0.8411308951190848,0.7058034144933728,0.7229124455813528,0.7725,Catalytic cluster geometry not convincing,0.3,1.0,0.9168273035060777,0.8278681232970917,0.4117918394961481,1.0,0.7628855155924582,0.8976022895061871,,1.0,0.7790261077798123,0.6849301215574989,0.8374371137813869,0.7221158088449203,0.651
Drg-RT,0.0008360589595195329,1.0,Low global pLDDT,0.00884434250764526,0.008942160278745646,0.0,0.0,0.0,0.646914656922222,0.5104,0.7294695569255689,0.7082643713357413,0.2221004121238605,0.7647947415809139,Likely steric incompatibility with Cas9 context,0.0344004098339941,0.6344,0.6935849759454684,0.33175541565180733,1.0,0.9275749221685152,0.9454059751685254,,1.0,0.9968587867151706,0.8320183851339245,0.9706877692486436,0.8411308951190848,0.8730063688090284,0.9061335849727449,1.0,,1.0,1.0,0.7068935087913296,0.8761865152754558,0.9727946125948657,1.0,0.7227007585190397,0.9275856700049999,,1.0,0.9711271459498924,0.7771866769384613,0.3764685371206393,0.7339438653020955,0.6344
TCDM_11122-RT,0.0005433795686979753,1.0,Low global pLDDT,0.008129276315789474,0.00831355633802817,0.0,0.0,0.0,0.5934604786303692,0.016405,0.50550902705636,0.31367155333012886,0.4701632614534069,0.7528292318566009,Likely steric incompatibility with Cas9 context,0.2838335812739235,0.6795,0.6142978053045741,0.40896680206603725,1.0,0.8860167934149006,0.9454059751685254,,1.0,0.9968587867151706,0.8320183851339245,0.9706877692486436,0.8411308951190848,0.694196127487825,0.8579356224044645,1.0,,1.0,1.0,0.9608342772032357,0.8175744761936437,0.40925212065984284,0.855469325866815,0.7230935327212533,0.9873291518958629,,1.0,0.6736424414917093,0.9610127750641934,0.4013293368370898,0.7938558826199541,0.6797
Ec48-RT,0.0006658987196446174,1.0,Low global pLDDT,0.00917960687960688,0.009389645776566757,0.0,0.0,0.0,0.6427278544222015,0.05695,0.6897590328652432,0.465264886097411,0.40854969764783344,0.6427960009286449,Poor linker geometry to Cas9 anchor,0.3883838334763526,0.6685,0.3109171455104141,0.24388256578126144,1.0,0.919629278888737,0.9742650952169316,,1.0,0.9968587867151706,0.9208156775905589,0.9525741268224334,0.7310585786300049,0.7862662458272212,0.7202052516264283,0.9930458216898352,,1.0,0.9786025282764161,0.7330769429151314,0.8761865152754558,0.15,0.6404179494757442,0.7634728414490705,0.8576385945266081,,1.0,0.9579794147448828,0.561964906235717,0.9977993522246441,0.5013963786218304,0.6816
Ec67-RT,0.0007404094239732417,1.0,Low global pLDDT,0.009474402730375427,0.009449633699633699,0.0,0.0,0.0,0.6481509804097528,0.13890000000000002,0.5718771479239352,0.7837364644088773,0.5639916030456646,0.7416103534740668,,0.4029677468347463,0.6729,0.5888438670687626,0.6580155076378734,1.0,0.9022568324979676,0.9052344368197376,,1.0,0.9968587867151706,0.7084136517530388,0.9525741268224334,0.7310585786300049,0.9290570083145262,0.8759136674387004,1.0,,1.0,1.0,0.8034008923168451,0.8655297808969444,0.8848724797396601,0.621303343414289,0.8108792655145162,0.9836250153950362,,1.0,0.8765329524347759,0.9496154319847266,0.6062968781323956,0.8298524446802757,0.6729
Mx65-RT,0.0007252123447545441,1.0,Low global pLDDT,0.008048591549295775,0.008206476683937824,0.0,0.0,0.0,0.6158170345435859,0.2651,0.8004472465588004,0.20242649235153662,0.3819575768754613,0.7343335045560724,Likely steric incompatibility with Cas9 context,0.2728466206801382,0.671,0.5699528701602068,0.12877653939110686,1.0,0.904250000277266,0.899241706366474,,1.0,0.9968587867151706,0.6899744811276125,0.9706877692486436,0.8411308951190848,0.9268616251055228,0.904495340695196,1.0,,1.0,1.0,0.8964263311685801,0.7297726609473386,0.8563650834422191,1.0,0.8093688536722119,0.9950216851634203,,1.0,0.6488176617526189,0.9846821081951392,0.8332699535368842,0.8515264981719737,0.6755
Ne144-RT,0.0006656043128328012,1.0,Low global pLDDT,0.008502729044834307,0.008677801268498944,0.0,0.0,0.0,0.5957804919634716,0.084245,0.8752880113472054,0.2614321840346456,0.1325960643679474,0.7694119691842738,Likely steric incompatibility with Cas9 context,0.008098432228860128,0.7142,0.6269770548122111,0.327111700465437,1.0,0.9212430991924938,0.9247705546371806,,1.0,0.9968587867151706,0.7685247834990175,0.9706877692486436,0.8411308951190848,0.9133110314228614,0.8736282895240471,1.0,,1.0,1.0,0.8553830549943258,0.6781713019474815,0.8526872756353252,0.9025619158597045,0.9019384087563533,0.9994260694926601,,1.0,0.9579794147448828,0.9982340599774158,0.8999953395410731,0.894523205942822,0.7142
Retron86-RT,0.0008140957566871037,1.0,Low global pLDDT,0.009513793103448274,0.009568458781362007,0.0,0.0,0.0,0.6783242798630903,0.40305,0.6407511877110204,0.4166244895049221,0.2585798701039801,0.7613211340440426,Likely steric incompatibility with Cas9 context,0.060741134499704086,0.6894,0.6286603829829789,0.26303076884906734,1.0,0.6879587143165005,0.62625,No confident active-site-adjacent electropositive patch,0.35,0.9968587867151706,0.5,0.9525741268224334,0.7310585786300049,0.745537050871269,0.9096850799279738,1.0,,1.0,1.0,0.8246609307384499,0.8139849721275887,0.8612457738804359,1.0,0.8163431452112878,0.8931204797977952,,1.0,0.9761073105894171,0.6711399378393698,0.9692401800918018,0.6753307630010155,0.6894
Rs-RT,0.0007742826794799425,1.0,Low global pLDDT,0.009492465753424656,0.009708333333333334,0.0,0.0,0.0,0.6678839859603032,0.20765,0.6276809855248391,0.6473781254185456,0.21425474411735243,0.6935315268564439,Likely steric incompatibility with Cas9 context,0.04925862835382755,0.6525,0.47187579101841143,0.20866562106250824,1.0,0.8541175847095306,0.8695734895365469,,1.0,0.9968587867151706,0.598687660112452,0.9706877692486436,0.8411308951190848,0.8031438752557101,0.7708835397187614,1.0,,1.0,1.0,0.5328958867041507,0.9241418199787566,0.4,0.7639514335516666,0.6798558612816475,0.7904666106804232,,1.0,0.9957644603591566,0.35528187901668695,0.8971868614121044,0.4583497589504135,0.6578
SEN1-RT,0.0007056317131207107,1.0,Low global pLDDT,0.009051935483870966,0.009115555555555556,0.0,0.0,0.0,0.6486027823468714,0.105,0.6905632800061622,0.4875743331260222,0.3429174570046404,0.8148261184519482,Likely steric incompatibility with Cas9 context,0.10980239054802789,0.6796,0.7913317670055663,0.2999061716406903,1.0,0.9729719347355333,0.9813696428328677,,1.0,0.9968587867151706,0.9426758241011313,0.9706877692486436,0.8411308951190848,0.9784632962563277,0.7914237436411756,0.7725,Catalytic cluster geometry not convincing,0.3,1.0,0.8807970779778823,0.8761865152754558,0.9850630122391918,1.0,0.8511145203655991,0.9323355834029076,,1.0,0.9664307767185175,0.7918017950858697,0.9546208596513089,0.7039346137583433,0.7203
Sau1-RT,0.0007032289795368646,1.0,Low global pLDDT,0.008548851774530273,0.008565375854214123,0.0,0.0,0.0,0.6078809016028782,0.122065,0.8791837368408921,0.3921489562173951,0.4247088369394964,0.7909879050210984,Likely steric incompatibility with Cas9 context,0.3244139675433249,0.7071,0.6957225857745668,0.11871402729187283,1.0,0.9006789317804934,0.9313147576835853,,1.0,0.9968587867151706,0.7886607928725702,0.8807970779778823,0.5825702064623147,0.8928836350295023,0.8578582714216288,0.9798069979665015,,1.0,0.9378676860507738,0.9452929205034201,0.5755558821261196,0.8676635595015341,0.9866027841982855,0.3710270281140276,0.9885391542619836,No confident processive contact path,1.0,0.9507339939159732,0.9647358592676418,0.0026103748203955084,0.8807628036375049,0.7073
Thr-RT,0.0007108190247341831,1.0,Low global pLDDT,0.005595033112582782,0.005716843971631206,0.0,0.0,0.0,0.5421184942830887,0.6219,0.5855215486324524,0.48589654017989653,0.32426249126965995,0.7991452005715768,Likely steric incompatibility with Cas9 context,0.1093414550459226,0.6363,0.7898291444902196,0.22349249179368688,1.0,0.8705961108012614,0.9247705546371806,,1.0,0.9968587867151706,0.7685247834990175,0.9706877692486436,0.8411308951190848,0.6883844927807258,0.7231870206186923,1.0,,1.0,1.0,0.6553000345746406,0.8761865152754558,0.4,0.29673770085391693,0.7928556655167002,0.9835898496471434,,1.0,0.7790261077798123,0.9495072296835179,0.6572763549370266,0.8315625106041925,0.6363
Vc95-RT,0.0006353991042853359,1.0,Low global pLDDT,0.00906656050955414,0.009196715328467152,0.0,0.0,0.0,0.6619451466875672,0.04331,0.652257917513102,0.32480348597252845,0.3306082781585429,0.7818790323196891,Likely steric incompatibility with Cas9 context,0.11731916609425078,0.6888,0.687997235199112,0.250895539925427,1.0,0.8287971685377914,0.9254715661847073,,1.0,0.9968587867151706,0.7706817421067916,0.9525741268224334,0.7310585786300049,0.5585275642281115,0.8139349125661774,1.0,,1.0,1.0,0.7164406204922998,0.7883847000291506,0.40000000391048474,1.0,0.851543482107369,0.9294333460486389,,1.0,0.9761073105894171,0.7828718339958121,0.9828100932242322,0.7426789840866174,0.6888
Vp96-RT,0.3891674130069281,0.28,Low global pLDDT,0.5,0.5,0.5,0.5,0.5,0.5,0.03127,0.6498379552829924,0.6561215235573582,0.434522266666812,0.6573499999999999,Active site poorly positioned in PE context,0.35,0.6835,0.33749999999999997,0.4,1.0,0.35419282225374815,0.3,No confident electropositive surface patch,0.25,0.5,0.5,0.5,0.5,0.15,0.428184192349326,0.35,No confident catalytic acidic cluster,0.25,0.5,0.5,0.5,0.15,1.0,0.4672380163299034,0.35,No confident processive contact path,0.25,0.5,0.5,0.5,0.35,0.7162
"retronE,coli-RT",0.0008364401945104818,1.0,Low global pLDDT,0.009648048048048048,0.009779522184300341,0.0,0.0,0.0,0.6600828988380534,0.5320499999999999,0.6395005384729264,0.3866368080299316,0.2328598796655293,0.7512939026307558,Likely steric incompatibility with Cas9 context,0.056325459773723455,0.6897,0.599711150373588,0.16869010932622705,1.0,0.6876083640176495,0.62625,No confident active-site-adjacent electropositive patch,0.35,0.9968587867151706,0.5,0.9525741268224334,0.7310585786300049,0.7436406200119658,0.9098862244298362,1.0,,1.0,1.0,0.8246609307384499,0.8139849721275887,0.863152008564714,1.0,0.8191981040303382,0.8934428984741316,,1.0,0.9761073105894171,0.6721319953050203,0.9701673814658445,0.6755276420518249,0.6999
ASLV-RT,0.0007907239355466225,1.0,Low global pLDDT,0.009033741258741259,0.009055827067669173,0.0,0.0,0.0,0.6886265891752149,0.5512,0.3174555163308406,0.37816083487710833,0.26570370248695746,0.801268375566125,Likely steric incompatibility with Cas9 context,0.08348493652802003,0.9311,0.5010953587603568,0.1621940050006333,1.0,0.9421954532588287,0.9454059751685254,,1.0,0.9968587867151706,0.8320183851339245,0.9706877692486436,0.8411308951190848,0.9440118366469917,0.8850870965348175,1.0,,1.0,1.0,0.7853857795527475,0.8655297808969444,0.9906570447504554,0.6444758720608558,0.6893514509079025,0.8127175253852126,,1.0,0.5523079095743253,0.42374623195450045,0.9502157111761053,0.5470584691217067,0.9344
AVIRE-RT,0.00082764338228349,1.0,Low global pLDDT,0.009092929292929293,0.009305053598774884,0.0,0.0,0.0,0.7044723892441052,0.5082,0.6299730034090777,0.4385588408382887,0.34777620544053617,0.8314554390516168,Likely steric incompatibility with Cas9 context,0.17107048700205876,0.9678,0.550644111576048,0.1504365159153914,1.0,0.9170518936994193,0.899241706366474,,1.0,0.9968587867151706,0.6899744811276125,0.9706877692486436,0.8411308951190848,0.9943559428197607,0.9202375846959054,1.0,,1.0,1.0,0.8389118683184231,0.7883847000291506,0.9956131340947568,1.0,0.7203977428354562,0.796943270995329,,1.0,0.6885466133829796,0.3752100646010126,0.9918436127617718,0.6096376009731386,0.9678
BAEMV-RT,0.0008432074100715232,1.0,Low global pLDDT,0.008934397677793906,0.009164252696456085,0.0,0.0,0.0,0.6926999143498221,0.6116,0.6877724944419574,0.45559264483078743,0.7235958305447552,0.8471043645160177,Poor linker geometry to Cas9 anchor,0.8994329377422181,0.98,0.5831553271886221,0.37140411611689245,1.0,0.887303654974415,0.8695734895365469,,1.0,0.9968587867151706,0.598687660112452,0.9706877692486436,0.8411308951190848,0.9717764892254156,0.8618363506638302,1.0,,1.0,1.0,0.60461997734394,0.7883847000291506,0.9949625136709793,1.0,0.8326710378184831,0.9154408050062058,,1.0,0.7984551187272498,0.7398178615575562,0.8233842101229896,0.6399234059833065,0.98
BLV-RT,0.0007657247561961353,1.0,Low global pLDDT,0.008193150684931507,0.008212316176470587,0.0,0.0,0.0,0.6854881782700432,0.8206,0.40163601408987115,0.09264314788963299,0.24259012812845093,0.846302321320559,Likely steric incompatibility with Cas9 context,0.056400910420456744,0.9063,0.6545637752015974,0.14530970930941758,1.0,0.8909481902574127,0.8695734895365469,,1.0,0.9968587867151706,0.598687660112452,0.9706877692486436,0.8411308951190848,0.9918986185853205,0.8198464534045601,1.0,,1.0,1.0,0.8564077315559033,0.6195592628656694,0.9979293130293506,0.4883133251589699,0.49987126726617115,0.7425183772866308,No confident processive contact path,0.35,0.1765352747791167,0.8577488531896332,0.528497998325629,0.6501108383824534,0.9063
FENV1-RT,0.0008494341948655258,1.0,Low global pLDDT,0.009124437781109445,0.009236682615629982,0.0,0.0,0.0,0.7065238780837311,0.60405,0.6979864908852447,0.4671948702639478,0.4098691147792454,0.8069176582701576,Likely steric incompatibility with Cas9 context,0.14634409318384514,0.9794,0.4689361664861649,0.8361345752387063,1.0,0.7350355667327869,0.62625,No confident active-site-adjacent electropositive patch,0.35,0.9968587867151706,0.5,0.9706877692486436,0.8411308951190848,0.9975302516356607,0.9122683898896837,1.0,,1.0,1.0,0.7685247834990175,0.8240638805940084,0.9953796452566576,1.0,0.7444770385126723,0.8038545888713124,,1.0,0.7790261077798123,0.3964756580655769,0.9987188975752584,0.5726521462763063,0.9794
GALV-RT,0.0008435276582300915,1.0,Low global pLDDT,0.00911858407079646,0.009295297805642633,0.0,0.0,0.0,0.7026360014060745,0.7404999999999999,0.6213101826293752,0.2801680221085022,0.7817959508454767,0.9306800488792307,Poor linker geometry to Cas9 anchor,0.9497136634478887,0.98,0.8219429967978021,0.3092271390637579,1.0,0.956493163501291,0.9612590503428117,,1.0,0.9968587867151706,0.8807970779778823,0.9706877692486436,0.8411308951190848,0.9614768418624354,0.8991735036270887,1.0,,1.0,1.0,0.6531157934497624,0.9017867873738937,0.9959714766759856,1.0,0.8899842720361937,0.9581684231081141,,1.0,0.8209063233378503,0.8712874557172744,0.8514444131229135,0.8076563119666657,0.98
HIVpol+MMLVRNaseH_RT,0.0008607066421136804,1.0,Low global pLDDT,0.00857152,0.008597948717948717,0.0,0.0,0.0,0.6587210558550912,0.8049,0.6988551251825029,0.6190769046887837,0.38081854489921996,0.8027539122909026,Likely steric incompatibility with Cas9 context,0.2732466443193214,0.8619,0.5745397494025792,0.09664267890360213,1.0,0.9374399208916477,0.9247705546371806,,1.0,0.9968587867151706,0.7685247834990175,0.9706877692486436,0.8411308951190848,0.9964710478906549,0.8843925991771511,0.990958921798259,,1.0,0.972181297840797,0.5895082611663391,0.9533338768045492,0.9945188014765709,1.0,0.833770890759072,0.9975843820923126,,1.0,0.6364525402815664,0.992567329514808,0.8988713497878066,0.8327537494089438,0.7571399999999999
IPMA-RT,0.0007962437555902361,1.0,Low global pLDDT,0.008957068062827226,0.009010881801125702,0.0,0.0,0.0,0.6615383284776892,0.7880499999999999,0.21666789617914772,0.3807490790568383,0.4179646772084475,0.841468574147503,Likely steric incompatibility with Cas9 context,0.20695387747946287,0.9229,0.6241530689928658,0.27963125724229715,1.0,0.9152634718166467,0.899241706366474,,1.0,0.9968587867151706,0.6899744811276125,0.9706877692486436,0.8411308951190848,0.9846977909079591,0.8759135816472954,1.0,,1.0,1.0,0.8034008923168451,0.7791621283229098,0.9899439277435458,0.6853015566548472,0.5979569366444965,0.7443773066690105,No confident processive contact path,0.35,0.3681875822638983,0.8634686359046476,0.5462678421631575,0.796205788740849,0.932
KORV-RT,0.0008573050136972487,1.0,Low global pLDDT,0.00917920353982301,0.009376489028213168,0.0,0.0,0.0,0.7060146796536514,0.7154,0.6219257246709174,0.4271952266877838,0.5823245687499691,0.8835192037657111,Poor linker geometry to Cas9 anchor,0.8669590566943484,0.9793,0.6878977250448892,0.07227395874587758,1.0,0.9187599973729486,0.9361052900029747,,1.0,0.9968587867151706,0.8034008923168451,0.9525741268224334,0.7310585786300049,0.8969256984396097,0.878652006629245,1.0,,1.0,1.0,0.8433729798182608,0.6224593312018547,0.9951939395903993,1.0,0.886896874062433,0.9577481406971005,,1.0,0.8209063233378503,0.8699942790680013,0.8265758800311532,0.819135306081455,0.9793
MMLV-RT,0.0008114590259190106,1.0,Low global pLDDT,0.00847917282127031,0.008706122448979592,0.0,0.0,0.0,0.7219610039544073,0.4555,0.6857816163431313,0.48732177285598105,0.7025124418724223,0.8717994822372005,Poor linker geometry to Cas9 anchor,0.7810038955592351,0.9843,0.6494128063920017,0.3527825554698963,1.0,0.7349201508702538,0.62625,No confident active-site-adjacent electropositive patch,0.35,0.9968587867151706,0.5,0.9706877692486436,0.8411308951190848,0.996747332621811,0.8756642161974627,1.0,,1.0,1.0,0.8291996208705242,0.6224593312018547,0.9950293108870012,1.0,0.7908267801752655,0.8876156422889167,,1.0,0.6364525402815664,0.6542019762735894,0.9286684291302136,0.6824794151197927,0.95058
MMTV-RT,0.0007680371038003412,1.0,Low global pLDDT,0.008842880794701987,0.008906560283687944,0.0,0.0,0.0,0.6504143276818765,0.5224,0.361671661569648,0.22924408406651947,0.5761880587393892,0.7179737413264017,Poor linker geometry to Cas9 anchor,0.786441318412736,0.867,0.3272106895040046,0.3294645571044579,1.0,0.7029236554331671,0.62625,No confident active-site-adjacent electropositive patch,0.35,0.9968587867151706,0.5,0.9706877692486436,0.8411308951190848,0.7978570717480551,0.8172061884162052,1.0,,1.0,1.0,0.8744228443200011,0.7883847000291506,0.4,0.6987746011729176,0.8508196927895799,0.9142098498992666,,1.0,0.9212896628294649,0.7360303073823585,0.8918778052891476,0.6828028300485227,0.867
MPMV-RT,0.0007069997108728517,1.0,Low global pLDDT,0.008686739469578781,0.008797670549084858,0.0,0.0,0.0,0.6342984515486102,0.21605,0.24607101612940407,0.5608048205538779,0.5054489407050412,0.8116358990956607,Likely steric incompatibility with Cas9 context,0.32482063335275363,0.9133,0.5485168545590305,0.43459370526849067,1.0,0.9256419123033356,0.9490962184409347,,1.0,0.9968587867151706,0.8433729798182608,0.9241418199787566,0.5825702064623147,0.9458336825173317,0.90010169948507,1.0,,1.0,1.0,0.8246609307384499,0.8655297808969444,0.9876030237482708,0.6937748228601408,0.48689828136922475,0.503289944249448,No confident processive contact path,0.35,0.9579794147448828,0.12166136692137848,0.9240726537637254,0.3521085202911991,0.9226
PERV-RT,0.0008448789995825076,1.0,Low global pLDDT,0.008759220389805096,0.008911802232854864,0.0,0.0,0.0,0.7102403657434874,0.7130000000000001,0.5737011524454241,0.4781959959675443,0.6135844026841427,0.8766042966976009,Poor linker geometry to Cas9 anchor,0.6065306597126334,0.9791,0.6683408477074313,0.24737088251982747,1.0,0.9172688269942867,0.9247705546371806,,1.0,0.9968587867151706,0.7685247834990175,0.9706877692486436,0.8411308951190848,0.8937800098512836,0.9089746274237712,1.0,,1.0,1.0,0.8765475888726281,0.7102611464481597,0.9934144950424492,1.0,0.8932030723168526,0.957514556653889,,1.0,0.8209063233378503,0.8692755589350429,0.8741912035514028,0.8100954503895881,0.9791
POL11ERV-RT,0.0007281588858415871,1.0,Low global pLDDT,0.007292994746059546,0.007359322033898305,0.0,0.0,0.0,0.6675273510943958,0.42535,0.31318734437162915,0.4958140207443146,0.23114236608698968,0.7307014543539774,Likely steric incompatibility with Cas9 context,0.07635812451246511,0.9116,0.31897558386850694,0.17105458615026387,1.0,0.9218447781178112,0.9612590503428117,,1.0,0.9968587867151706,0.8807970779778823,0.9706877692486436,0.8411308951190848,0.7995000155748446,0.8484941730575015,1.0,,1.0,1.0,0.8034008923168451,0.8655297808969444,0.4,1.0,0.8005466930678021,0.9326194639009502,,1.0,0.6653599569931411,0.7926752735413853,0.7476918917080421,0.7147354812429487,0.9171
RSVSB-RT,0.0007752076626876124,1.0,Low global pLDDT,0.008787699680511182,0.008834129692832765,0.0,0.0,0.0,0.6584848607522185,0.51325,0.31014917225132393,0.3890262085448089,0.8510111334427609,0.8649898564433258,,0.954631339089339,0.9295,0.6847567326952169,0.7687912448538827,1.0,0.9423815535317939,0.9454059751685254,,1.0,0.9968587867151706,0.8320183851339245,0.9706877692486436,0.8411308951190848,0.9449445002134547,0.8813070374584588,1.0,,1.0,1.0,0.7853857795527475,0.8655297808969444,0.9908075269075798,0.6173806100563516,0.5242867795284396,0.9770594952296362,No confident processive contact path,1.0,0.8279419482552755,0.9294138314758037,0.024752763265226563,0.7819253823878649,0.9329
SRV2-RT,0.0007016424675219825,1.0,Low global pLDDT,0.008747113884555383,0.008857237936772046,0.0,0.0,0.0,0.6346602538721416,0.21595,0.2413004521413001,0.4534576720447205,0.4684913133622385,0.8754544528293877,Likely steric incompatibility with Cas9 context,0.25306384376859387,0.9079,0.7362555795125363,0.28888236879956386,1.0,0.9138615316686675,0.9529994928731559,,1.0,0.9968587867151706,0.8553830549943258,0.9241418199787566,0.5825702064623147,0.8747032568679283,0.9020617551273967,1.0,,1.0,1.0,0.8246609307384499,0.8655297808969444,0.9881381384598834,0.7086473557558901,0.7148567445004415,0.8969376158189815,,1.0,0.7984551187272498,0.6828849717507122,0.3558720590323956,0.6581988297801182,0.9159
WDSV-RT,0.0007892256912724635,1.0,Low global pLDDT,0.00917236842105263,0.009393322981366461,0.0,0.0,0.0,0.6902246123014149,0.55575,0.2664470980679096,0.3822210552597971,0.6296565119670379,0.830371164324306,Poor linker geometry to Cas9 anchor,0.9815775340063674,0.9358,0.5795461837837318,0.1268247788445334,1.0,0.917866605217322,0.899241706366474,,1.0,0.9968587867151706,0.6899744811276125,0.9706877692486436,0.8411308951190848,0.9987807411232078,0.8884427972947364,1.0,,1.0,1.0,0.8034008923168451,0.8761865152754558,0.9982100402852007,0.6194625059208302,0.5848047328533844,0.5446328724406335,No confident processive contact path,0.35,0.9761073105894171,0.24887037674041104,0.9751149915604364,0.43855601814357004,0.9522
WMSV-RT,0.0008581761987431566,1.0,Low global pLDDT,0.009066369047619047,0.009234493670886076,0.0,0.0,0.0,0.707943428692527,0.7838499999999999,0.6137711335556645,0.39096116305318807,0.7134726970952271,0.9069830709452604,Poor linker geometry to Cas9 anchor,0.82544385765735,0.9792,0.7550373455578872,0.26879798069484345,1.0,0.9633960607857345,0.9612590503428117,,1.0,0.9968587867151706,0.8807970779778823,0.9706877692486436,0.8411308951190848,0.9966755579518766,0.8893104515624352,1.0,,1.0,1.0,0.7068935087913296,0.7883847000291506,0.9962070282954149,1.0,0.8957793712243667,0.9581694807916168,,1.0,0.8209063233378503,0.8712907101280518,0.8902719721716004,0.8073657819470093,0.9792
AFY36037.1-RT,0.0007993361522348618,1.0,Low global pLDDT,0.008140707964601769,0.008274193548387095,0.0,0.0,0.0,0.5811348083713423,0.5909,0.76200237901708,0.358647563887623,0.2791999767790445,0.7764576454162919,Likely steric incompatibility with Cas9 context,0.053751317708161085,0.7653,0.5960075583322627,0.5744822183293071,1.0,0.8230392433215825,0.8772813480579091,,1.0,0.9881869455495174,0.6224041478704898,0.9241418199787566,0.6852009766653157,0.6945006273349972,0.8260868836494104,1.0,,1.0,1.0,0.8564077315559033,0.7102611464481597,0.40000000005031355,1.0,0.7832788419933716,0.9974260596598544,,1.0,0.740190039689316,0.9920801835687827,0.49634384760039835,0.7844627705776966,0.7666
